wrong,correct,count,type,wrong_repr,correct_repr
 ,,2413,delete_n:0,' ',''
,"""",362,insert_0:n,'',"'""'"
,s,222,insert_0:n,'','s'
 .,,150,delete_n:0,' .',''
n,m,99,substitute_1:1,'n','m'
,e,97,insert_0:n,'','e'
r,s,95,substitute_1:1,'r','s'
,r,82,insert_0:n,'','r'
o,a,68,substitute_1:1,'o','a'
,t,66,insert_0:n,'','t'
n,u,59,substitute_1:1,'n','u'
" """,,58,delete_n:0,"' ""'",''
a,e,57,substitute_1:1,'a','e'
""" ",,47,delete_n:0,"'"" '",''
,o,45,insert_0:n,'','o'
t,d,44,substitute_1:1,'t','d'
t,h,42,substitute_1:1,'t','h'
a,o,42,substitute_1:1,'a','o'
,l,42,insert_0:n,'','l'
,n,37,insert_0:n,'','n'
t,,37,delete_n:0,'t',''
s,,36,delete_n:0,'s',''
,a,36,insert_0:n,'','a'
" ,",,35,delete_n:0,"' ,'",''
,c,33,insert_0:n,'','c'
, ,32,insert_0:n,'',' '
r,,31,delete_n:0,'r',''
h,w,30,substitute_1:1,'h','w'
o,e,30,substitute_1:1,'o','e'
,h,29,insert_0:n,'','h'
 ,s,29,substitute_1:1,' ','s'
,y,28,insert_0:n,'','y'
r,n,28,substitute_1:1,'r','n'
,u,28,insert_0:n,'','u'
,d,27,insert_0:n,'','d'
s,r,27,substitute_1:1,'s','r'
t,l,27,substitute_1:1,'t','l'
,i,26,insert_0:n,'','i'
m,w,25,substitute_1:1,'m','w'
", ",,21,delete_n:0,"', '",''
n,,21,delete_n:0,'n',''
 ',,21,delete_n:0,""" '""",''
c,C,19,substitute_1:1,'c','C'
s,S,19,substitute_1:1,'s','S'
t,f,19,substitute_1:1,'t','f'
e,,19,delete_n:0,'e',''
k,h,18,substitute_1:1,'k','h'
n,s,17,substitute_1:1,'n','s'
' ,,17,delete_n:0,"""' """,''
. ,,16,delete_n:0,'. ',''
h,,16,delete_n:0,'h',''
n,y,16,substitute_1:1,'n','y'
th,H,16,merge_n:1,'th','H'
s,n,15,substitute_1:1,'s','n'
d,cl,15,split_1:n,'d','cl'
i,,14,delete_n:0,'i',''
e,a,14,substitute_1:1,'e','a'
r,t,14,substitute_1:1,'r','t'
,g,13,insert_0:n,'','g'
o,,13,delete_n:0,'o',''
b,l,13,substitute_1:1,'b','l'
1,,13,delete_n:0,'1',''
u,a,13,substitute_1:1,'u','a'
,ed,12,insert_0:n,'','ed'
h,l,12,substitute_1:1,'h','l'
,re,12,insert_0:n,'','re'
n,r,12,substitute_1:1,'n','r'
.,,11,delete_n:0,'.',''
,m,11,insert_0:n,'','m'
e,o,11,substitute_1:1,'e','o'
u,e,11,substitute_1:1,'u','e'
d,,11,delete_n:0,'d',''
 ,"""",11,substitute_1:1,' ',"'""'"
h,n,11,substitute_1:1,'h','n'
th,Hu,11,replace_2:2,'th','Hu'
e,at,11,split_1:n,'e','at'
d,ch,11,split_1:n,'d','ch'
m,n,10,substitute_1:1,'m','n'
M,H,10,substitute_1:1,'M','H'
H,th,10,split_1:n,'H','th'
,'s,10,insert_0:n,'',"""'s"""
,av,10,insert_0:n,'','av'
n,t,10,substitute_1:1,'n','t'
,se,10,insert_0:n,'','se'
r ,s,10,merge_n:1,'r ','s'
t,k,10,substitute_1:1,'t','k'
u,es,10,split_1:n,'u','es'
i,u,9,substitute_1:1,'i','u'
,ly,9,insert_0:n,'','ly'
s,t,9,substitute_1:1,'s','t'
the ,,9,delete_n:0,'the ',''
s,m,9,substitute_1:1,'s','m'
a,,9,delete_n:0,'a',''
l,,9,delete_n:0,'l',''
 the,,9,delete_n:0,' the',''
,f,9,insert_0:n,'','f'
,un,9,insert_0:n,'','un'
k,t,9,substitute_1:1,'k','t'
m,u,9,substitute_1:1,'m','u'
 .,",",8,merge_n:1,' .',"','"
k,l,8,substitute_1:1,'k','l'
h,le,8,split_1:n,'h','le'
e,is,8,split_1:n,'e','is'
d,l,8,substitute_1:1,'d','l'
v,r,8,substitute_1:1,'v','r'
t,W,8,substitute_1:1,'t','W'
a,x,8,substitute_1:1,'a','x'
 . ',,8,delete_n:0,""" . '""",''
s,y,8,substitute_1:1,'s','y'
m,,7,delete_n:0,'m',''
v,w,7,substitute_1:1,'v','w'
" . """,,7,delete_n:0,"' . ""'",''
a,ou,7,split_1:n,'a','ou'
e,c,7,substitute_1:1,'e','c'
,w,7,insert_0:n,'','w'
F,T,7,substitute_1:1,'F','T'
 ' ,,7,delete_n:0,""" ' """,''
e,u,7,substitute_1:1,'e','u'
e,i,7,substitute_1:1,'e','i'
w,m,7,substitute_1:1,'w','m'
u,,7,delete_n:0,'u',''
h,lu,6,split_1:n,'h','lu'
,',6,insert_0:n,'',"""'"""
 .,s,6,merge_n:1,' .','s'
l,h,6,substitute_1:1,'l','h'
n,w,6,substitute_1:1,'n','w'
,er,6,insert_0:n,'','er'
as,ere,6,replace_2:3,'as','ere'
c,e,6,substitute_1:1,'c','e'
h,Lu,6,split_1:n,'h','Lu'
o,c,6,substitute_1:1,'o','c'
, in,6,insert_0:n,'',' in'
r,v,6,substitute_1:1,'r','v'
-, ,6,substitute_1:1,'-',' '
p,P,6,substitute_1:1,'p','P'
a,c,6,substitute_1:1,'a','c'
h,b,6,substitute_1:1,'h','b'
,wo,6,insert_0:n,'','wo'
N,W,6,substitute_1:1,'N','W'
a ,,6,delete_n:0,'a ',''
ch,d,6,merge_n:1,'ch','d'
a,u,6,substitute_1:1,'a','u'
ma,wo,6,replace_2:2,'ma','wo'
u,n,6,substitute_1:1,'u','n'
M,he,5,split_1:n,'M','he'
S,L,5,substitute_1:1,'S','L'
 . ,,5,delete_n:0,' . ',''
,",",5,insert_0:n,'',"','"
tr,h,5,merge_n:1,'tr','h'
,ing,5,insert_0:n,'','ing'
c,,5,delete_n:0,'c',''
r,u,5,substitute_1:1,'r','u'
or,as,5,replace_2:2,'or','as'
,ir,5,insert_0:n,'','ir'
in ,,5,delete_n:0,'in ',''
,es,5,insert_0:n,'','es'
f,t,5,substitute_1:1,'f','t'
i,e,5,substitute_1:1,'i','e'
o,i,5,substitute_1:1,'o','i'
w,us,5,split_1:n,'w','us'
r,c,5,substitute_1:1,'r','c'
w,c,5,substitute_1:1,'w','c'
m,un,5,split_1:n,'m','un'
t,T,5,substitute_1:1,'t','T'
n,d,5,substitute_1:1,'n','d'
u,ve,5,split_1:n,'u','ve'
n,v,5,substitute_1:1,'n','v'
h,u,5,substitute_1:1,'h','u'
' ,"""",5,merge_n:1,"""' ""","'""'"
i,a,5,substitute_1:1,'i','a'
,v,4,insert_0:n,'','v'
t,w,4,substitute_1:1,'t','w'
er,,4,delete_n:0,'er',''
L,l,4,substitute_1:1,'L','l'
w,W,4,substitute_1:1,'w','W'
, is,4,insert_0:n,'',' is'
. H,th,4,replace_3:2,'. H','th'
y,g,4,substitute_1:1,'y','g'
, to,4,insert_0:n,'',' to'
 ,y,4,substitute_1:1,' ','y'
a,i,4,substitute_1:1,'a','i'
w,n,4,substitute_1:1,'w','n'
of,at,4,replace_2:2,'of','at'
k,th,4,split_1:n,'k','th'
y,,4,delete_n:0,'y',''
,ce,4,insert_0:n,'','ce'
h,li,4,split_1:n,'h','li'
l,d,4,substitute_1:1,'l','d'
i,or,4,split_1:n,'i','or'
, a,4,insert_0:n,'',' a'
r,d,4,substitute_1:1,'r','d'
C,G,4,substitute_1:1,'C','G'
st,d,4,merge_n:1,'st','d'
o,s,4,substitute_1:1,'o','s'
 #,,4,delete_n:0,' #',''
-,,4,delete_n:0,'-',''
 a,,4,delete_n:0,' a',''
l,C,4,substitute_1:1,'l','C'
v,c,4,substitute_1:1,'v','c'
v,u,4,substitute_1:1,'v','u'
ed,ing,4,replace_2:3,'ed','ing'
f,F,4,substitute_1:1,'f','F'
h,k,4,substitute_1:1,'h','k'
,th,4,insert_0:n,'','th'
w,re,4,split_1:n,'w','re'
t,ch,4,split_1:n,'t','ch'
1,Al,4,split_1:n,'1','Al'
6,,4,delete_n:0,'6',''
b,s,4,substitute_1:1,'b','s'
a,oo,4,split_1:n,'a','oo'
th,K,4,merge_n:1,'th','K'
er,is,4,replace_2:2,'er','is'
b,S,4,substitute_1:1,'b','S'
,p,3,insert_0:n,'','p'
k,lie,3,split_1:n,'k','lie'
I,J,3,substitute_1:1,'I','J'
os,ar,3,replace_2:2,'os','ar'
be ,,3,delete_n:0,'be ',''
 -,,3,delete_n:0,' -',''
,wa,3,insert_0:n,'','wa'
e,r,3,substitute_1:1,'e','r'
to ,,3,delete_n:0,'to ',''
w,,3,delete_n:0,'w',''
o,en,3,split_1:n,'o','en'
,"""""",3,insert_0:n,'',"'""""'"
on,as,3,replace_2:2,'on','as'
,s',3,insert_0:n,'',"""s'"""
b,h,3,substitute_1:1,'b','h'
on,ar,3,replace_2:2,'on','ar'
s,d,3,substitute_1:1,'s','d'
d,s,3,substitute_1:1,'d','s'
r ,,3,delete_n:0,'r ',''
d,th,3,split_1:n,'d','th'
,al,3,insert_0:n,'','al'
a,re,3,split_1:n,'a','re'
oul,ante,3,replace_3:4,'oul','ante'
,cil,3,insert_0:n,'','cil'
#,to,3,split_1:n,'#','to'
l,t,3,substitute_1:1,'l','t'
ne,us,3,replace_2:2,'ne','us'
ti,ha,3,replace_2:2,'ti','ha'
a,ce,3,split_1:n,'a','ce'
o,es,3,split_1:n,'o','es'
g,s,3,substitute_1:1,'g','s'
,de,3,insert_0:n,'','de'
nd,t,3,merge_n:1,'nd','t'
,R,3,insert_0:n,'','R'
,st,3,insert_0:n,'','st'
3,5,3,substitute_1:1,'3','5'
-,s,3,substitute_1:1,'-','s'
W,h,3,substitute_1:1,'W','h'
s,ed,3,split_1:n,'s','ed'
g,p,3,substitute_1:1,'g','p'
s,o,3,substitute_1:1,'s','o'
e,k,3,substitute_1:1,'e','k'
b,th,3,split_1:n,'b','th'
G,g,3,substitute_1:1,'G','g'
e,y,3,substitute_1:1,'e','y'
c,s,3,substitute_1:1,'c','s'
u,en,3,split_1:n,'u','en'
w,me,3,split_1:n,'w','me'
th,ll,3,replace_2:2,'th','ll'
,.,3,insert_0:n,'','.'
 ,ly,3,split_1:n,' ','ly'
s,c,3,substitute_1:1,'s','c'
l,k,3,substitute_1:1,'l','k'
H,Th,3,split_1:n,'H','Th'
a,s,3,substitute_1:1,'a','s'
e,g,3,substitute_1:1,'e','g'
n ,r,3,merge_n:1,'n ','r'
m,M,3,substitute_1:1,'m','M'
b,lo,3,split_1:n,'b','lo'
n,re,3,split_1:n,'n','re'
er,as,3,replace_2:2,'er','as'
to,he,3,replace_2:2,'to','he'
m ,n,3,merge_n:1,'m ','n'
,is,3,insert_0:n,'','is'
ou,e,3,merge_n:1,'ou','e'
s,p,3,substitute_1:1,'s','p'
w,ur,3,split_1:n,'w','ur'
k,v,3,substitute_1:1,'k','v'
 ,ed,3,split_1:n,' ','ed'
,on,3,insert_0:n,'','on'
 ,C,3,substitute_1:1,' ','C'
S,s,3,substitute_1:1,'S','s'
u,o,3,substitute_1:1,'u','o'
u,r,3,substitute_1:1,'u','r'
was ,,3,delete_n:0,'was ',''
d,g,3,substitute_1:1,'d','g'
he,o,3,merge_n:1,'he','o'
b,f,3,substitute_1:1,'b','f'
 ... .,,3,delete_n:0,' ... .',''
a,d,3,substitute_1:1,'a','d'
tt,ll,3,replace_2:2,'tt','ll'
 ,d,3,substitute_1:1,' ','d'
a,g,3,substitute_1:1,'a','g'
is,at,3,replace_2:2,'is','at'
a,q,3,substitute_1:1,'a','q'
wa,use,3,replace_2:3,'wa','use'
1,al,3,split_1:n,'1','al'
u,i,3,substitute_1:1,'u','i'
6,b,3,substitute_1:1,'6','b'
,vi,3,insert_0:n,'','vi'
e,s,3,substitute_1:1,'e','s'
It,H,3,merge_n:1,'It','H'
s,ing,3,split_1:n,'s','ing'
is,er,3,replace_2:2,'is','er'
r,l,3,substitute_1:1,'r','l'
,ch,3,insert_0:n,'','ch'
n,h,3,substitute_1:1,'n','h'
up,my,3,replace_2:2,'up','my'
" "" ",,3,delete_n:0,"' "" '",''
k,u,3,substitute_1:1,'k','u'
T,P,3,substitute_1:1,'T','P'
r,e,3,substitute_1:1,'r','e'
at,,2,delete_n:0,'at',''
,su,2,insert_0:n,'','su'
l,L,2,substitute_1:1,'l','L'
nd,mal,2,replace_2:3,'nd','mal'
 :,;,2,merge_n:1,' :',';'
f,s,2,substitute_1:1,'f','s'
Y,y,2,substitute_1:1,'Y','y'
H,tt,2,split_1:n,'H','tt'
r,w,2,substitute_1:1,'r','w'
',,2,delete_n:0,"""'""",''
a,ive,2,split_1:n,'a','ive'
,wi,2,insert_0:n,'','wi'
s,l,2,substitute_1:1,'s','l'
k,he,2,split_1:n,'k','he'
f,,2,delete_n:0,'f',''
un,,2,delete_n:0,'un',''
e,ou,2,split_1:n,'e','ou'
,"ly""",2,insert_0:n,'',"'ly""'"
,n't,2,insert_0:n,'',"""n't"""
H,h,2,substitute_1:1,'H','h'
b,p,2,substitute_1:1,'b','p'
n,se,2,split_1:n,'n','se'
,oc,2,insert_0:n,'','oc'
d,sh,2,split_1:n,'d','sh'
n,i,2,substitute_1:1,'n','i'
om,,2,delete_n:0,'om',''
ar,os,2,replace_2:2,'ar','os'
wer,,2,delete_n:0,'wer',''
s,v,2,substitute_1:1,'s','v'
ou,a,2,merge_n:1,'ou','a'
r,o,2,substitute_1:1,'r','o'
,et,2,insert_0:n,'','et'
,ck,2,insert_0:n,'','ck'
,ged,2,insert_0:n,'','ged'
r,h,2,substitute_1:1,'r','h'
G,C,2,substitute_1:1,'G','C'
e ,,2,delete_n:0,'e ',''
no,my,2,replace_2:2,'no','my'
,"s""",2,insert_0:n,'',"'s""'"
ac,ex,2,replace_2:2,'ac','ex'
 ;,",",2,merge_n:1,' ;',"','"
h,im,2,split_1:n,'h','im'
he,wo,2,replace_2:2,'he','wo'
m,us,2,split_1:n,'m','us'
e,"""",2,substitute_1:1,'e',"'""'"
au,ev,2,replace_2:2,'au','ev'
s .,,2,delete_n:0,'s .',''
a,ev,2,split_1:n,'a','ev'
d,el,2,split_1:n,'d','el'
P,B,2,substitute_1:1,'P','B'
o,ca,2,split_1:n,'o','ca'
,C,2,insert_0:n,'','C'
#,was,2,split_1:n,'#','was'
L,h,2,substitute_1:1,'L','h'
av,ous,2,replace_2:3,'av','ous'
8,5,2,substitute_1:1,'8','5'
mm,,2,delete_n:0,'mm',''
g,y,2,substitute_1:1,'g','y'
n,ver,2,split_1:n,'n','ver'
on,cur,2,replace_2:3,'on','cur'
a,n,2,substitute_1:1,'a','n'
G,Cr,2,split_1:n,'G','Cr'
r,m,2,substitute_1:1,'r','m'
a,cu,2,split_1:n,'a','cu'
on,caus,2,replace_2:4,'on','caus'
,leas,2,insert_0:n,'','leas'
C,c,2,substitute_1:1,'C','c'
in,,2,delete_n:0,'in',''
t,v,2,substitute_1:1,'t','v'
I,O,2,substitute_1:1,'I','O'
t,r,2,substitute_1:1,'t','r'
A,H,2,substitute_1:1,'A','H'
u,c,2,substitute_1:1,'u','c'
b,B,2,substitute_1:1,'b','B'
is ,"""",2,merge_n:1,'is ',"'""'"
om,aus,2,replace_2:3,'om','aus'
al,,2,delete_n:0,'al',''
a,un,2,split_1:n,'a','un'
,rke,2,insert_0:n,'','rke'
m,ir,2,split_1:n,'m','ir'
,S,2,insert_0:n,'','S'
mmo,u,2,merge_n:1,'mmo','u'
ch,de,2,replace_2:2,'ch','de'
,em,2,insert_0:n,'','em'
w,eds,2,split_1:n,'w','eds'
,ey,2,insert_0:n,'','ey'
R,r,2,substitute_1:1,'R','r'
ar,,2,delete_n:0,'ar',''
e,st,2,split_1:n,'e','st'
h,ak,2,split_1:n,'h','ak'
,te,2,insert_0:n,'','te'
n,vi,2,split_1:n,'n','vi'
v,ce,2,split_1:n,'v','ce'
ew,,2,delete_n:0,'ew',''
out,and,2,replace_3:3,'out','and'
i,e',2,split_1:n,'i',"""e'"""
b,liv,2,split_1:n,'b','liv'
M,T,2,substitute_1:1,'M','T'
o,er,2,split_1:n,'o','er'
m,v,2,substitute_1:1,'m','v'
m,r,2,substitute_1:1,'m','r'
""" T",t,2,merge_n:1,"'"" T'",'t'
, they,2,insert_0:n,'',' they'
th,M,2,merge_n:1,'th','M'
#,treat,2,split_1:n,'#','treat'
u,as,2,split_1:n,'u','as'
l,c,2,substitute_1:1,'l','c'
t,nd,2,split_1:n,'t','nd'
r .,s,2,merge_n:1,'r .','s'
L,d,2,substitute_1:1,'L','d'
w,st,2,split_1:n,'w','st'
,ve,2,insert_0:n,'','ve'
re,ac,2,replace_2:2,'re','ac'
,os,2,insert_0:n,'','os'
2,z,2,substitute_1:1,'2','z'
 ) ,,2,delete_n:0,' ) ',''
Mr.,the,2,replace_3:3,'Mr.','the'
s,rt,2,split_1:n,'s','rt'
n,ry,2,split_1:n,'n','ry'
T,t,2,substitute_1:1,'T','t'
A,a,2,substitute_1:1,'A','a'
,il,2,insert_0:n,'','il'
- ,,2,delete_n:0,'- ',''
y,gr,2,split_1:n,'y','gr'
" "" .",,2,delete_n:0,"' "" .'",''
, such,2,insert_0:n,'',' such'
d,st,2,split_1:n,'d','st'
d,c,2,substitute_1:1,'d','c'
tra,,2,delete_n:0,'tra',''
M,U,2,substitute_1:1,'M','U'
f,l,2,substitute_1:1,'f','l'
e,ing,2,split_1:n,'e','ing'
z,s,2,substitute_1:1,'z','s'
not ,,2,delete_n:0,'not ',''
l,w,2,substitute_1:1,'l','w'
 .,g,2,merge_n:1,' .','g'
I,,2,delete_n:0,'I',''
tl,h,2,merge_n:1,'tl','h'
er,s,2,merge_n:1,'er','s'
rt,d,2,merge_n:1,'rt','d'
u,ea,2,split_1:n,'u','ea'
,I ,2,insert_0:n,'','I '
o,at,2,split_1:n,'o','at'
 .,"""",2,merge_n:1,' .',"'""'"
and ,,2,delete_n:0,'and ',''
,iv,2,insert_0:n,'','iv'
t,c,2,substitute_1:1,'t','c'
n,a,2,substitute_1:1,'n','a'
k,lc,2,split_1:n,'k','lc'
k,n,2,substitute_1:1,'k','n'
d,ct,2,split_1:n,'d','ct'
m,llu,2,split_1:n,'m','llu'
e,co,2,split_1:n,'e','co'
th,flu,2,replace_2:3,'th','flu'
,ri,2,insert_0:n,'','ri'
,ma,2,insert_0:n,'','ma'
q,g,2,substitute_1:1,'q','g'
w,th,2,split_1:n,'w','th'
H,"""th",2,split_1:n,'H',"'""th'"
or,,2,delete_n:0,'or',''
7,4,2,substitute_1:1,'7','4'
nk,ul,2,replace_2:2,'nk','ul'
S,D,2,substitute_1:1,'S','D'
i,o,2,substitute_1:1,'i','o'
W,w,2,substitute_1:1,'W','w'
,ny,2,insert_0:n,'','ny'
an,su,2,replace_2:2,'an','su'
a,or,2,split_1:n,'a','or'
e,l,2,substitute_1:1,'e','l'
,le,2,insert_0:n,'','le'
" ,",s,2,merge_n:1,"' ,'",'s'
c,w,2,substitute_1:1,'c','w'
d,ly,2,split_1:n,'d','ly'
,the,2,insert_0:n,'','the'
 ,.,2,substitute_1:1,' ','.'
, priest,2,insert_0:n,'',' priest'
',I,2,substitute_1:1,"""'""",'I'
 :,,2,delete_n:0,' :',''
as,go,2,replace_2:2,'as','go'
s,w,2,substitute_1:1,'s','w'
,of ,2,insert_0:n,'','of '
N,M,2,substitute_1:1,'N','M'
u,in,2,split_1:n,'u','in'
no,ma,2,replace_2:2,'no','ma'
tuat,sh,2,replace_4:2,'tuat','sh'
1t,T,2,merge_n:1,'1t','T'
u,y,2,substitute_1:1,'u','y'
y,x,2,substitute_1:1,'y','x'
 ',"""",2,merge_n:1,""" '""","'""'"
ha,use,2,replace_2:3,'ha','use'
6,Go,2,split_1:n,'6','Go'
w,ver,2,split_1:n,'w','ver'
i,I,2,substitute_1:1,'i','I'
o,he,2,split_1:n,'o','he'
Ita,Ho,2,replace_3:2,'Ita','Ho'
e,h,2,substitute_1:1,'e','h'
M,P,2,substitute_1:1,'M','P'
h,lo,2,split_1:n,'h','lo'
n ,m,2,merge_n:1,'n ','m'
s,nd,2,split_1:n,'s','nd'
d ,,2,delete_n:0,'d ',''
an,our,2,replace_2:3,'an','our'
i,ve,2,split_1:n,'i','ve'
 ,o,2,substitute_1:1,' ','o'
da,the,2,replace_2:3,'da','the'
, was,2,insert_0:n,'',' was'
d,t,2,substitute_1:1,'d','t'
me,,2,delete_n:0,'me',''
r,f,2,substitute_1:1,'r','f'
m,nn,2,split_1:n,'m','nn'
L,H,2,substitute_1:1,'L','H'
L,C,2,substitute_1:1,'L','C'
9,5,2,substitute_1:1,'9','5'
r,b,2,substitute_1:1,'r','b'
o,eal,2,split_1:n,'o','eal'
w,acc,2,split_1:n,'w','acc'
,ci,2,insert_0:n,'','ci'
t,n,2,substitute_1:1,'t','n'
A,t,2,substitute_1:1,'A','t'
r,st,2,split_1:n,'r','st'
,k,2,insert_0:n,'','k'
b,,2,delete_n:0,'b',''
; ,,2,delete_n:0,'; ',''
,fi,2,insert_0:n,'','fi'
u,ar,2,split_1:n,'u','ar'
n,l,2,substitute_1:1,'n','l'
w,nal,2,split_1:n,'w','nal'
 2,,2,delete_n:0,' 2',''
2,,2,delete_n:0,'2',''
,ar,2,insert_0:n,'','ar'
" , """,,2,delete_n:0,"' , ""'",''
" "" """,,2,delete_n:0,"' "" ""'",''
k,b,2,substitute_1:1,'k','b'
w,ar,2,split_1:n,'w','ar'
m,k,2,substitute_1:1,'m','k'
h,m,2,substitute_1:1,'h','m'
l,P,2,substitute_1:1,'l','P'
m,wy,2,split_1:n,'m','wy'
1,I,2,substitute_1:1,'1','I'
1,l,2,substitute_1:1,'1','l'
T,C,2,substitute_1:1,'T','C'
p,e,2,substitute_1:1,'p','e'
,rs,2,insert_0:n,'','rs'
es ,,2,delete_n:0,'es ',''
,my ,2,insert_0:n,'','my '
,lunc,2,insert_0:n,'','lunc'
g,f,2,substitute_1:1,'g','f'
c,r,2,substitute_1:1,'c','r'
m ,s,2,merge_n:1,'m ','s'
d,al,2,split_1:n,'d','al'
on,m,2,merge_n:1,'on','m'
. L,l,2,merge_n:1,'. L','l'
.,",",2,substitute_1:1,'.',"','"
ear,sou,2,replace_3:3,'ear','sou'
th,l,2,merge_n:1,'th','l'
n,mm,2,split_1:n,'n','mm'
ck,de,2,replace_2:2,'ck','de'
0,U,1,substitute_1:1,'0','U'
M,17,1,split_1:n,'M','17'
and,Cruel,1,replace_3:5,'and','Cruel'
-,mo,1,split_1:n,'-','mo'
wi,We',1,replace_2:3,'wi',"""We'"""
0,O,1,substitute_1:1,'0','O'
0m,OM,1,replace_2:2,'0m','OM'
Lab,Col,1,replace_3:3,'Lab','Col'
a,pt,1,split_1:n,'a','pt'
Afr,th,1,replace_3:2,'Afr','th'
can,eves,1,replace_3:4,'can','eves'
L,P,1,substitute_1:1,'L','P'
bour,lace,1,replace_4:4,'bour','lace'
#,Peers,1,split_1:n,'#','Peers'
o,u,1,substitute_1:1,'o','u'
United ,,1,delete_n:0,'United ',''
on ,cu,1,replace_3:2,'on ','cu'
c,t,1,substitute_1:1,'c','t'
ks,ler,1,replace_2:3,'ks','ler'
, d,1,insert_0:n,'',' d'
k,ler,1,split_1:n,'k','ler'
Un,Lim,1,replace_2:3,'Un','Lim'
rt,ul,1,replace_2:2,'rt','ul'
q,c,1,substitute_1:1,'q','c'
S,H,1,substitute_1:1,'S','H'
 :,.,1,merge_n:1,' :','.'
,"""t",1,insert_0:n,'',"'""t'"
ch,g,1,merge_n:1,'ch','g'
.,"""",1,substitute_1:1,'.',"'""'"
Lancaster ,"""",1,merge_n:1,'Lancaster ',"'""'"
," lancastes""",1,insert_0:n,'',"' lancastes""'"
, Mr.,1,insert_0:n,'',' Mr.'
, have,1,insert_0:n,'',' have'
C,E,1,substitute_1:1,'C','E'
t,Be,1,split_1:n,'t','Be'
, in the Commons,1,insert_0:n,'',' in the Commons'
t,llec,1,split_1:n,'t','llec'
b,fail,1,split_1:n,'b','fail'
en,d,1,merge_n:1,'en','d'
.,the,1,split_1:n,'.','the'
MR. ,,1,delete_n:0,'MR. ',''
",",M.V.,1,split_1:n,"','",'M.V.'
l,ted,1,split_1:n,'l','ted'
,O,1,insert_0:n,'','O'
I,/,1,substitute_1:1,'I','/'
wa,kno,1,replace_2:3,'wa','kno'
r.,s,1,merge_n:1,'r.','s'
a,ro,1,split_1:n,'a','ro'
ra,judi,1,replace_2:4,'ra','judi'
in,at,1,replace_2:2,'in','at'
t,H,1,substitute_1:1,'t','H'
k,le,1,split_1:n,'k','le'
st,k,1,merge_n:1,'st','k'
,P,1,insert_0:n,'','P'
, L,1,insert_0:n,'',' L'
ll,th,1,replace_2:2,'ll','th'
his ,,1,delete_n:0,'his ',''
stro,cha,1,replace_4:3,'stro','cha'
l,fred,1,split_1:n,'l','fred'
resume ,,1,delete_n:0,'resume ',''
, we,1,insert_0:n,'',' we'
ed,,1,delete_n:0,'ed',''
to,,1,delete_n:0,'to',''
,d Law,1,insert_0:n,'','d Law'
Virginia - ,,1,delete_n:0,'Virginia - ',''
, Virginia,1,insert_0:n,'',' Virginia'
oberts,alld,1,replace_6:4,'oberts','alld'
sh,nk,1,replace_2:2,'sh','nk'
,tee of,1,insert_0:n,'','tee of'
,With ,1,insert_0:n,'','With '
,"""He",1,insert_0:n,'',"'""He'"
etter,lo,1,replace_5:2,'etter','lo'
,gossip that,1,insert_0:n,'','gossip that'
ob,ath,1,replace_2:3,'ob','ath'
so,ha,1,replace_2:2,'so','ha'
,"""re",1,insert_0:n,'',"'""re'"
vi,,1,delete_n:0,'vi',''
,Un,1,insert_0:n,'','Un'
M,Ker,1,split_1:n,'M','Ker'
so, Ke,1,replace_2:3,'so',' Ke'
,nedy,1,insert_0:n,'','nedy'
, reported,1,insert_0:n,'',' reported'
t ,h,1,merge_n:1,'t ','h'
,hr,1,insert_0:n,'','hr'
t,"""Th",1,split_1:n,'t',"'""Th'"
en,Thr,1,replace_2:3,'en','Thr'
,ow,1,insert_0:n,'','ow'
vel,r,1,merge_n:1,'vel','r'
""" a",m,1,merge_n:1,"'"" a'",'m'
rl,ng,1,replace_2:2,'rl','ng'
Am,hu,1,replace_2:2,'Am','hu'
th,issu,1,replace_2:4,'th','issu'
vel,ight,1,replace_3:4,'vel','ight'
Un,Br,1,replace_2:2,'Un','Br'
ed,ish,1,replace_2:3,'ed','ish'
th,Ple,1,replace_2:3,'th','Ple'
""" m",we,1,replace_3:2,"'"" m'",'we'
10, ,1,merge_n:1,'10',' '
,oci,1,insert_0:n,'','oci'
id,l,1,merge_n:1,'id','l'
And,"""To",1,replace_3:3,'And',"'""To'"
im,,1,delete_n:0,'im',''
h,un,1,split_1:n,'h','un'
Ame,Hunga,1,replace_3:5,'Ame','Hunga'
n,ugu,1,split_1:n,'n','ugu'
wer,t,1,merge_n:1,'wer','t'
ful, that,1,replace_3:5,'ful',' that'
w,ng,1,split_1:n,'w','ng'
#,health,1,split_1:n,'#','health'
It,U,1,merge_n:1,'It','U'
,currency in K,1,insert_0:n,'','currency in K'
 is the,,1,delete_n:0,' is the',''
An,Ha,1,replace_2:2,'An','Ha'
,n't ,1,insert_0:n,'',"""n't """
,atched ,1,insert_0:n,'','atched '
ated,,1,delete_n:0,'ated',''
ing,e,1,merge_n:1,'ing','e'
ma,,1,delete_n:0,'ma',''
,ger,1,insert_0:n,'','ger'
s ,r,1,merge_n:1,'s ','r'
te,ch,1,replace_2:2,'te','ch'
, charges.,1,insert_0:n,'',' charges.'
,care,1,insert_0:n,'','care'
wh,Cul,1,replace_2:3,'wh','Cul'
rs .,d,1,merge_n:1,'rs .','d'
n,uxiliarie,1,split_1:n,'n','uxiliarie'
on ,"""",1,merge_n:1,'on ',"'""'"
d,ar,1,split_1:n,'d','ar'
, Censure,1,insert_0:n,'',' Censure'
,cuckold ,1,insert_0:n,'','cuckold '
,blo,1,insert_0:n,'','blo'
s ,,1,delete_n:0,'s ',''
68 ,b&,1,replace_3:2,'68 ','b&'
m,wa,1,split_1:n,'m','wa'
 - ,,1,delete_n:0,' - ',''
went,could,1,replace_4:5,'went','could'
"it ,",If,1,replace_4:2,"'it ,'",'If'
went,much,1,replace_4:4,'went','much'
W,a liv,1,split_1:n,'W','a liv'
no,ua,1,replace_2:2,'no','ua'
oi,erce,1,replace_2:4,'oi','erce'
th,lu,1,replace_2:2,'th','lu'
,om,1,insert_0:n,'','om'
rt,ch,1,replace_2:2,'rt','ch'
.,her,1,split_1:n,'.','her'
He dem,,1,delete_n:0,'He dem',''
d,owl,1,split_1:n,'d','owl'
y ,ie,1,replace_2:2,'y ','ie'
 L,l,1,merge_n:1,' L','l'
n .,r,1,merge_n:1,'n .','r'
t,'d,1,split_1:n,'t',"""'d"""
v,co,1,split_1:n,'v','co'
dus, a wor,1,replace_3:6,'dus',' a wor'
me,i,1,merge_n:1,'me','i'
t,g,1,substitute_1:1,'t','g'
ts .,d,1,merge_n:1,'ts .','d'
ann,,1,delete_n:0,'ann',''
t,uld,1,split_1:n,'t','uld'
tha,firs,1,replace_3:4,'tha','firs'
A,I,1,substitute_1:1,'A','I'
,crea,1,insert_0:n,'','crea'
ro,em,1,replace_2:2,'ro','em'
 Governments,,1,delete_n:0,' Governments',''
re,,1,delete_n:0,'re',''
g,B,1,substitute_1:1,'g','B'
in,M,1,merge_n:1,'in','M'
Mr,Dean,1,replace_2:4,'Mr','Dean'
w,en,1,split_1:n,'w','en'
Other ,,1,delete_n:0,'Other ',''
, Other,1,insert_0:n,'',' Other'
see,with a ,1,replace_3:7,'see','with a '
s,an,1,split_1:n,'s','an'
Ghana ,,1,delete_n:0,'Ghana ',''
Com-,Ghana,1,replace_4:5,'Com-','Ghana'
ew,irst,1,replace_2:4,'ew','irst'
,and,1,insert_0:n,'','and'
",",man,1,split_1:n,"','",'man'
week . ,,1,delete_n:0,'week . ',''
",",week,1,split_1:n,"','",'week'
to ,"""",1,merge_n:1,'to ',"'""'"
,"ty""",1,insert_0:n,'',"'ty""'"
aus,onc,1,replace_3:3,'aus','onc'
,rn,1,insert_0:n,'','rn'
d,ol,1,split_1:n,'d','ol'
aw,ev,1,replace_2:2,'aw','ev'
 ,re,1,split_1:n,' ','re'
a ,e,1,merge_n:1,'a ','e'
in,Te,1,replace_2:2,'in','Te'
Tak,K,1,merge_n:1,'Tak','K'
r,nc,1,split_1:n,'r','nc'
ca,eo,1,replace_2:2,'ca','eo'
 are,,1,delete_n:0,' are',''
w,r,1,substitute_1:1,'w','r'
Mr,Hs,1,replace_2:2,'Mr','Hs'
," he""",1,insert_0:n,'',"' he""'"
as,oo,1,replace_2:2,'as','oo'
rn,m,1,merge_n:1,'rn','m'
Mr,U,1,merge_n:1,'Mr','U'
O,Ca,1,split_1:n,'O','Ca'
", at",of,1,replace_4:2,"', at'",'of'
, discussed,1,insert_0:n,'',' discussed'
9,8,1,substitute_1:1,'9','8'
tur, im,1,replace_3:3,'tur',' im'
th,m,1,merge_n:1,'th','m'
tro,h,1,merge_n:1,'tro','h'
e,ch,1,split_1:n,'e','ch'
th,Mu,1,replace_2:2,'th','Mu'
st,ch,1,replace_2:2,'st','ch'
K,le,1,split_1:n,'K','le'
a,"e""",1,split_1:n,'a',"'e""'"
o,b,1,substitute_1:1,'o','b'
, that a,1,insert_0:n,'',' that a'
da,ole,1,replace_2:3,'da','ole'
",",Iain,1,split_1:n,"','",'Iain'
na,me,1,replace_2:2,'na','me'
ac,ee,1,replace_2:2,'ac','ee'
an,ou,1,replace_2:2,'an','ou'
u,ri,1,split_1:n,'u','ri'
,el,1,insert_0:n,'','el'
c,g,1,substitute_1:1,'c','g'
OYAL,oyal,1,replace_4:4,'OYAL','oyal'
I,L,1,substitute_1:1,'I','L'
ha,doe,1,replace_2:3,'ha','doe'
9,0,1,substitute_1:1,'9','0'
Sir,du,1,replace_3:2,'Sir','du'
7,2,1,substitute_1:1,'7','2'
nd,mel,1,replace_2:3,'nd','mel'
ne,Rus,1,replace_2:3,'ne','Rus'
In,Tra,1,replace_2:3,'In','Tra'
o-,e,1,merge_n:1,'o-','e'
ide,pl,1,replace_3:2,'ide','pl'
wi,mar,1,replace_2:3,'wi','mar'
ri,h,1,merge_n:1,'ri','h'
ce,om,1,replace_2:2,'ce','om'
it,all,1,replace_2:3,'it','all'
u,we,1,split_1:n,'u','we'
riv,ous,1,replace_3:3,'riv','ous'
1,7,1,substitute_1:1,'1','7'
nd,rt,1,replace_2:2,'nd','rt'
n,ur,1,split_1:n,'n','ur'
c,x,1,substitute_1:1,'c','x'
ct,x,1,merge_n:1,'ct','x'
L,le,1,split_1:n,'L','le'
i,j,1,substitute_1:1,'i','j'
e,p,1,substitute_1:1,'e','p'
",",1,1,substitute_1:1,"','",'1'
Le,hlp,1,replace_2:3,'Le','hlp'
e,uf,1,split_1:n,'e','uf'
,versi,1,insert_0:n,'','versi'
ed,y,1,merge_n:1,'ed','y'
h,eiv,1,split_1:n,'h','eiv'
on,r,1,merge_n:1,'on','r'
 ;,ed,1,replace_2:2,' ;','ed'
v,wn,1,split_1:n,'v','wn'
m,uu,1,split_1:n,'m','uu'
w a,st,1,replace_3:2,'w a','st'
n,usic,1,split_1:n,'n','usic'
#,set,1,split_1:n,'#','set'
editorial ,,1,delete_n:0,'editorial ',''
Ame,b,1,merge_n:1,'Ame','b'
i,oad,1,split_1:n,'i','oad'
n,st,1,split_1:n,'n','st'
st,l,1,merge_n:1,'st','l'
heir,,1,delete_n:0,'heir',''
only ,,1,delete_n:0,'only ',''
,day,1,insert_0:n,'','day'
easier . ,,1,delete_n:0,'easier . ',''
th,,1,delete_n:0,'th',''
,asier,1,insert_0:n,'','asier'
tr,p,1,merge_n:1,'tr','p'
ak ,ech,1,replace_3:3,'ak ','ech'
various ,,1,delete_n:0,'various ',''
dd,cknowl,1,replace_2:6,'dd','cknowl'
w,unnecess,1,split_1:n,'w','unnecess'
s i,,1,delete_n:0,'s i',''
relevant ,y,1,merge_n:1,'relevant ','y'
the b,B,1,merge_n:1,'the b','B'
A,M,1,substitute_1:1,'A','M'
,ne,1,insert_0:n,'','ne'
91 ,Sx,1,replace_3:2,'91 ','Sx'
F,+,1,substitute_1:1,'F','+'
1,x,1,substitute_1:1,'1','x'
qu,pri,1,replace_2:3,'qu','pri'
na,mo,1,replace_2:2,'na','mo'
n,'ve,1,split_1:n,'n',"""'ve"""
mo,p,1,merge_n:1,'mo','p'
,sent,1,insert_0:n,'','sent'
tim,Hugh,1,replace_3:4,'tim','Hugh'
sh,d,1,merge_n:1,'sh','d'
ov,au,1,replace_2:2,'ov','au'
el,m,1,merge_n:1,'el','m'
gh,t,1,merge_n:1,'gh','t'
m,Wh,1,split_1:n,'m','Wh'
h,beg,1,split_1:n,'h','beg'
d,n,1,substitute_1:1,'d','n'
in,rk,1,replace_2:2,'in','rk'
IENNA ,ienna,1,replace_6:5,'IENNA ','ienna'
,s o,1,insert_0:n,'','s o'
#,be,1,split_1:n,'#','be'
w,scrupl,1,split_1:n,'w','scrupl'
apon,,1,delete_n:0,'apon',''
si,S,1,merge_n:1,'si','S'
e,art,1,split_1:n,'e','art'
W,lat,1,split_1:n,'W','lat'
,r Mue,1,insert_0:n,'','r Mue'
 them .,,1,delete_n:0,' them .',''
wa,come,1,replace_2:4,'wa','come'
ari,eu,1,replace_3:2,'ari','eu'
e ,ing,1,replace_2:3,'e ','ing'
a,re ,1,split_1:n,'a','re '
pp,ff,1,replace_2:2,'pp','ff'
er,u,1,merge_n:1,'er','u'
oppo,,1,delete_n:0,'oppo',''
i,ugges,1,split_1:n,'i','ugges'
ma,n,1,merge_n:1,'ma','n'
he,s,1,merge_n:1,'he','s'
P,fl,1,split_1:n,'P','fl'
lari,w,1,merge_n:1,'lari','w'
Mr,An,1,replace_2:2,'Mr','An'
,vo,1,insert_0:n,'','vo'
e,"at""",1,split_1:n,'e',"'at""'"
cl,rd,1,replace_2:2,'cl','rd'
,ous,1,insert_0:n,'','ous'
ar,on,1,replace_2:2,'ar','on'
reach,mould,1,replace_5:5,'reach','mould'
ag,ork,1,replace_2:3,'ag','ork'
l,b,1,substitute_1:1,'l','b'
n,sh,1,split_1:n,'n','sh'
,outh S,1,insert_0:n,'','outh S'
contain ,,1,delete_n:0,'contain ',''
,illus,1,insert_0:n,'','illus'
ee,ation,1,replace_2:5,'ee','ation'
ll,u,1,merge_n:1,'ll','u'
for,dan,1,replace_3:3,'for','dan'
xtent,ss,1,replace_5:2,'xtent','ss'
, command structure and central administrative,1,insert_0:n,'',' command structure and central administrative'
d,ck,1,split_1:n,'d','ck'
tio,,1,delete_n:0,'tio',''
the,all,1,replace_3:3,'the','all'
arms ,,1,delete_n:0,'arms ',''
tir,ach,1,replace_3:3,'tir','ach'
ffic,th,1,replace_4:2,'ffic','th'
b,political o,1,split_1:n,'b','political o'
,was done ,1,insert_0:n,'','was done '
,n ,1,insert_0:n,'','n '
ht ,uess,1,replace_3:4,'ht ','uess'
are ,,1,delete_n:0,'are ',''
concentr,w,1,merge_n:1,'concentr','w'
t,lk,1,split_1:n,'t','lk'
due,always,1,replace_3:6,'due','always'
in,was,1,replace_2:3,'in','was'
,ad,1,insert_0:n,'','ad'
,uctio,1,insert_0:n,'','uctio'
nounc,,1,delete_n:0,'nounc',''
imm,subs,1,replace_3:4,'imm','subs'
dia,quen,1,replace_3:4,'dia','quen'
,eful,1,insert_0:n,'','eful'
,roach,1,insert_0:n,'','roach'
Long ,,1,delete_n:0,'Long ',''
, waiting,1,insert_0:n,'',' waiting'
kind,war,1,replace_4:3,'kind','war'
, ac,1,insert_0:n,'',' ac'
er of,,1,delete_n:0,'er of',''
,ask,1,insert_0:n,'','ask'
arlier,d,1,merge_n:1,'arlier','d'
, earlier,1,insert_0:n,'',' earlier'
th,p,1,merge_n:1,'th','p'
"Eden , ",,1,delete_n:0,"'Eden , '",''
t ,,1,delete_n:0,'t ',''
-,tone,1,split_1:n,'-','tone'
a,the,1,split_1:n,'a','the'
ost,uch,1,replace_3:3,'ost','uch'
some ,,1,delete_n:0,'some ',''
,part,1,insert_0:n,'','part'
be,fit,1,replace_2:3,'be','fit'
han,,1,delete_n:0,'han',''
the,king,1,replace_3:4,'the','king'
ak,,1,delete_n:0,'ak',''
r,che,1,split_1:n,'r','che'
theme ,,1,delete_n:0,'theme ',''
b,ro,1,split_1:n,'b','ro'
k,,1,delete_n:0,'k',''
,e plac,1,insert_0:n,'','e plac'
,went,1,insert_0:n,'','went'
ven,sul,1,replace_3:3,'ven','sul'
mi,app,1,replace_2:3,'mi','app'
d,ause,1,split_1:n,'d','ause'
zzl,gg,1,replace_3:2,'zzl','gg'
such,mere,1,replace_4:4,'such','mere'
ti, h,1,replace_2:2,'ti',' h'
littl,wher,1,replace_5:4,'littl','wher'
Thom,M,1,merge_n:1,'Thom','M'
s ,caulay,1,replace_2:6,'s ','caulay'
#,and,1,split_1:n,'#','and'
a,orr,1,split_1:n,'a','orr'
-wi, a,1,replace_3:2,'-wi',' a'
g #,d,1,merge_n:1,'g #','d'
,ing r,1,insert_0:n,'','ing r'
,volutiona,1,insert_0:n,'','volutiona'
,ie,1,insert_0:n,'','ie'
#,Krut,1,split_1:n,'#','Krut'
h,ret,1,split_1:n,'h','ret'
man,y,1,merge_n:1,'man','y'
n,qu,1,split_1:n,'n','qu'
gh,e,1,merge_n:1,'gh','e'
,hurried ,1,insert_0:n,'','hurried '
,A,1,insert_0:n,'','A'
outs,earl,1,replace_4:4,'outs','earl'
,ta,1,insert_0:n,'','ta'
#,the,1,split_1:n,'#','the'
i,"""I",1,split_1:n,'i',"'""I'"
on,ch,1,replace_2:2,'on','ch'
s :,r.,1,replace_3:2,'s :','r.'
disb,Auckl,1,replace_4:5,'disb','Auckl'
cut,ss,1,replace_3:2,'cut','ss'
tol,face,1,replace_3:4,'tol','face'
t,lin,1,split_1:n,'t','lin'
tr,di,1,replace_2:2,'tr','di'
M,Illin,1,split_1:n,'M','Illin'
cow,,1,delete_n:0,'cow',''
hi,Her,1,replace_2:3,'hi','Her'
to ,"bs""",1,replace_3:3,'to ',"'bs""'"
,shal ,1,insert_0:n,'','shal '
m,ri,1,split_1:n,'m','ri'
P,p,1,substitute_1:1,'P','p'
o,re,1,split_1:n,'o','re'
it,s,1,merge_n:1,'it','s'
i,ou,1,split_1:n,'i','ou'
w,ndor,1,split_1:n,'w','ndor'
th,Ku,1,replace_2:2,'th','Ku'
Ma,no,1,replace_2:2,'Ma','no'
ai,e,1,merge_n:1,'ai','e'
i,te,1,split_1:n,'i','te'
S,f,1,substitute_1:1,'S','f'
M,B,1,substitute_1:1,'M','B'
rk,lanc,1,replace_2:4,'rk','lanc'
,try,1,insert_0:n,'','try'
 ,ice,1,split_1:n,' ','ice'
said . H,th,1,replace_8:2,'said . H','th'
m,"""r",1,split_1:n,'m',"'""r'"
#,poep,1,split_1:n,'#','poep'
b,ke,1,split_1:n,'b','ke'
 .,e,1,merge_n:1,' .','e'
i,ur,1,split_1:n,'i','ur'
,0,1,insert_0:n,'','0'
 ,es,1,split_1:n,' ','es'
with,call,1,replace_4:4,'with','call'
mo,seve,1,replace_2:4,'mo','seve'
than,Over,1,replace_4:4,'than','Over'
3,7,1,substitute_1:1,'3','7'
RUSCHEV,reschev,1,replace_7:7,'RUSCHEV','reschev'
g,ff,1,split_1:n,'g','ff'
mil,author,1,replace_3:6,'mil','author'
st,e,1,merge_n:1,'st','e'
wh,clung t,1,replace_2:7,'wh','clung t'
razed,it,1,replace_5:2,'razed','it'
n,r ,1,split_1:n,'n','r '
ul,vere,1,replace_2:4,'ul','vere'
ty,king,1,replace_2:4,'ty','king'
,censu,1,insert_0:n,'','censu'
emov,,1,delete_n:0,'emov',''
ou,,1,delete_n:0,'ou',''
,ess,1,insert_0:n,'','ess'
fir,th,1,replace_3:2,'fir','th'
sw,Sec,1,replace_2:3,'sw','Sec'
ut,ff,1,replace_2:2,'ut','ff'
#,out,1,split_1:n,'#','out'
as,er,1,replace_2:2,'as','er'
,ern,1,insert_0:n,'','ern'
it,lk,1,replace_2:2,'it','lk'
al,ine,1,replace_2:3,'al','ine'
l,ct,1,split_1:n,'l','ct'
ul,an,1,replace_2:2,'ul','an'
lti,ch,1,replace_3:2,'lti','ch'
l,g,1,substitute_1:1,'l','g'
e,us,1,split_1:n,'e','us'
M,HK,1,split_1:n,'M','HK'
Government ,,1,delete_n:0,'Government ',''
, Government,1,insert_0:n,'',' Government'
, would be taken home.,1,insert_0:n,'',' would be taken home.'
understood . ,,1,delete_n:0,'understood . ',''
, understood,1,insert_0:n,'',' understood'
serving ,,1,delete_n:0,'serving ',''
a,serving,1,split_1:n,'a','serving'
ou,ese,1,replace_2:3,'ou','ese'
,ze,1,insert_0:n,'','ze'
M,ulle,1,split_1:n,'M','ulle'
b,the,1,split_1:n,'b','the'
,rra,1,insert_0:n,'','rra'
,on-,1,insert_0:n,'','on-'
s,we,1,split_1:n,'s','we'
,ghe,1,insert_0:n,'','ghe'
ers,,1,delete_n:0,'ers',''
that,policy,1,replace_4:6,'that','policy'
id,s,1,merge_n:1,'id','s'
wh,r,1,merge_n:1,'wh','r'
,her,1,insert_0:n,'','her'
w,situ,1,split_1:n,'w','situ'
wh,ar,1,replace_2:2,'wh','ar'
te,d,1,merge_n:1,'te','d'
,und,1,insert_0:n,'','und'
m, South,1,split_1:n,'m',' South'
,lw,1,insert_0:n,'','lw'
ver ,s,1,merge_n:1,'ver ','s'
la,di,1,replace_2:2,'la','di'
cz,g,1,merge_n:1,'cz','g'
ould,asn't,1,replace_4:5,'ould',"""asn't"""
,mea,1,insert_0:n,'','mea'
ven,itia,1,replace_3:4,'ven','itia'
a,Fi,1,split_1:n,'a','Fi'
t,re,1,split_1:n,'t','re'
#,is,1,split_1:n,'#','is'
m,t,1,substitute_1:1,'m','t'
tion,ff,1,replace_4:2,'tion','ff'
un,mil,1,replace_2:3,'un','mil'
,crimin,1,insert_0:n,'','crimin'
rmame,tio,1,replace_5:3,'rmame','tio'
on,au,1,replace_2:2,'on','au'
,f ac,1,insert_0:n,'','f ac'
 not on,ual,1,replace_7:3,' not on','ual'
the,Huo,1,replace_3:3,'the','Huo'
hr,ll,1,replace_2:2,'hr','ll'
it,ek,1,replace_2:2,'it','ek'
han,olle,1,replace_3:4,'han','olle'
wou,search ,1,replace_3:7,'wou','search '
d h,e,1,merge_n:1,'d h','e'
",",,1,delete_n:0,"','",''
sh,W,1,merge_n:1,'sh','W'
is,e,1,merge_n:1,'is','e'
the,Ho,1,replace_3:2,'the','Ho'
ck ,vel,1,replace_3:3,'ck ','vel'
w,ov,1,split_1:n,'w','ov'
hour,laws,1,replace_4:4,'hour','laws'
,z,1,insert_0:n,'','z'
of,the,1,replace_2:3,'of','the'
r,p,1,substitute_1:1,'r','p'
i,Wa,1,split_1:n,'i','Wa'
im,ur,1,replace_2:2,'im','ur'
en,au,1,replace_2:2,'en','au'
bu,Cos,1,replace_2:3,'bu','Cos'
bu,los,1,replace_2:3,'bu','los'
r wh,ntati,1,replace_4:5,'r wh','ntati'
,us,1,insert_0:n,'','us'
#,between,1,split_1:n,'#','between'
r,les,1,split_1:n,'r','les'
ou,ra,1,replace_2:2,'ou','ra'
w,ss,1,split_1:n,'w','ss'
rr,n,1,merge_n:1,'rr','n'
or,an,1,replace_2:2,'or','an'
#,early,1,split_1:n,'#','early'
, proved,1,insert_0:n,'',' proved'
a,ic,1,split_1:n,'a','ic'
in,ho,1,replace_2:2,'in','ho'
rf,ct,1,replace_2:2,'rf','ct'
on,am,1,replace_2:2,'on','am'
f,g,1,substitute_1:1,'f','g'
up on ,,1,delete_n:0,'up on ',''
, on,1,insert_0:n,'',' on'
I,Ye,1,split_1:n,'I','Ye'
wro,usi,1,replace_3:3,'wro','usi'
m,ve,1,split_1:n,'m','ve'
sit,of,1,replace_3:2,'sit','of'
d,R,1,substitute_1:1,'d','R'
,ug,1,insert_0:n,'','ug'
nc,,1,delete_n:0,'nc',''
u,ever,1,split_1:n,'u','ever'
,uve,1,insert_0:n,'','uve'
ce,i,1,merge_n:1,'ce','i'
b,tt,1,split_1:n,'b','tt'
se,ri,1,replace_2:2,'se','ri'
n-,r,1,merge_n:1,'n-','r'
,lisa,1,insert_0:n,'','lisa'
m,W,1,substitute_1:1,'m','W'
nth,rk,1,replace_3:2,'nth','rk'
h,W,1,substitute_1:1,'h','W'
m,ra,1,split_1:n,'m','ra'
n,ul,1,split_1:n,'n','ul'
,mplai,1,insert_0:n,'','mplai'
empt ,,1,delete_n:0,'empt ',''
. A,a,1,merge_n:1,'. A','a'
farm,jenn,1,replace_4:4,'farm','jenn'
wi,at ,1,replace_2:3,'wi','at '
ng,th,1,replace_2:2,'ng','th'
nd,ech,1,replace_2:3,'nd','ech'
mo,we,1,replace_2:2,'mo','we'
ow,d,1,merge_n:1,'ow','d'
f,Tre,1,split_1:n,'f','Tre'
Er,Fel,1,replace_2:3,'Er','Fel'
,Al,1,insert_0:n,'','Al'
ONS,oris,1,replace_3:4,'ONS','oris'
the,flua,1,replace_3:4,'the','flua'
the,Hou,1,replace_3:3,'the','Hou'
:,address,1,split_1:n,':','address'
zz,gg,1,replace_2:2,'zz','gg'
2o,O,1,merge_n:1,'2o','O'
 He ,,1,delete_n:0,' He ',''
n," head""",1,split_1:n,'n',"' head""'"
as ,ey,1,replace_3:2,'as ','ey'
run,saw,1,replace_3:3,'run','saw'
IN,All,1,replace_2:3,'IN','All'
w,ight,1,split_1:n,'w','ight'
u,co,1,split_1:n,'u','co'
ta,ho,1,replace_2:2,'ta','ho'
k,ic,1,split_1:n,'k','ic'
u,m,1,substitute_1:1,'u','m'
e,ot,1,split_1:n,'e','ot'
k,ac,1,split_1:n,'k','ac'
ow,t,1,merge_n:1,'ow','t'
summ,Pho,1,replace_4:3,'summ','Pho'
r .,nix,1,replace_3:3,'r .','nix'
bum,,1,delete_n:0,'bum',''
,layer,1,insert_0:n,'','layer'
vi,men,1,replace_2:3,'vi','men'
n,te,1,split_1:n,'n','te'
no,,1,delete_n:0,'no',''
,as,1,insert_0:n,'','as'
a,os,1,split_1:n,'a','os'
ms,ng,1,replace_2:2,'ms','ng'
act,,1,delete_n:0,'act',''
"on """,ed,1,replace_4:2,"'on ""'",'ed'
". "" H",th,1,replace_5:2,"'. "" H'",'th'
k,ght,1,split_1:n,'k','ght'
,"d""",1,insert_0:n,'',"'d""'"
se,ch,1,replace_2:2,'se','ch'
st,ph,1,replace_2:2,'st','ph'
ing,ey,1,replace_3:2,'ing','ey'
N,m,1,substitute_1:1,'N','m'
w,ntality,1,split_1:n,'w','ntality'
they ,,1,delete_n:0,'they ',''
thus : ,,1,delete_n:0,'thus : ',''
,""" thus:",1,insert_0:n,'',"'"" thus:'"
m,ard,1,split_1:n,'m','ard'
invasion ,,1,delete_n:0,'invasion ',''
, invasion,1,insert_0:n,'',' invasion'
t,A,1,substitute_1:1,'t','A'
, talks,1,insert_0:n,'',' talks'
ich,d,1,merge_n:1,'ich','d'
tha,Abou,1,replace_3:4,'tha','Abou'
,riv,1,insert_0:n,'','riv'
ctor,l,1,merge_n:1,'ctor','l'
rr,pp,1,replace_2:2,'rr','pp'
n,ll ,1,split_1:n,'n','ll '
a,ci,1,split_1:n,'a','ci'
on,ve,1,replace_2:2,'on','ve'
um ,nning,1,replace_3:5,'um ','nning'
v,s,1,substitute_1:1,'v','s'
ou,ewe,1,replace_2:3,'ou','ewe'
o ,e,1,merge_n:1,'o ','e'
to,de,1,replace_2:2,'to','de'
9,3,1,substitute_1:1,'9','3'
, and stronger Now At this target Which,1,insert_0:n,'',' and stronger Now At this target Which'
at,ed,1,replace_2:2,'at','ed'
#,?,1,substitute_1:1,'#','?'
, lines,1,insert_0:n,'',' lines'
i,he,1,split_1:n,'i','he'
urn,ake,1,replace_3:3,'urn','ake'
s ,a,1,merge_n:1,'s ','a'
#,it,1,split_1:n,'#','it'
iss,r,1,merge_n:1,'iss','r'
,bbl,1,insert_0:n,'','bbl'
ri,e,1,merge_n:1,'ri','e'
as,or,1,replace_2:2,'as','or'
ate-,udy,1,replace_4:3,'ate-','udy'
,a ,1,insert_0:n,'','a '
, the button for nuclear warfare,1,insert_0:n,'',' the button for nuclear warfare'
me,un,1,replace_2:2,'me','un'
"800,000",SW All,1,replace_7:6,"'800,000'",'SW All'
er,ua,1,replace_2:2,'er','ua'
t,ced,1,split_1:n,'t','ced'
n .,sh,1,replace_3:2,'n .','sh'
 to,,1,delete_n:0,' to',''
w,G,1,substitute_1:1,'w','G'
rk,t,1,merge_n:1,'rk','t'
"550,000",Science,1,replace_7:7,"'550,000'",'Science'
trat,hol,1,replace_4:3,'trat','hol'
W,Mal,1,split_1:n,'W','Mal'
h,al,1,split_1:n,'h','al'
,"s"")",1,insert_0:n,'',"'s"")'"
M,R,1,substitute_1:1,'M','R'
el-,rd,1,replace_3:2,'el-','rd'
t ,f,1,merge_n:1,'t ','f'
gh,,1,delete_n:0,'gh',''
lo,da,1,replace_2:2,'lo','da'
 M,r,1,merge_n:1,' M','r'
la,ise,1,replace_2:3,'la','ise'
th,n,1,merge_n:1,'th','n'
bu,ma,1,replace_2:2,'bu','ma'
a,in,1,split_1:n,'a','in'
ht,nal,1,replace_2:3,'ht','nal'
ting .,up,1,replace_6:2,'ting .','up'
acl,s,1,merge_n:1,'acl','s'
th,nos,1,replace_2:3,'th','nos'
ch,dge,1,replace_2:3,'ch','dge'
summ,Secret,1,replace_4:6,'summ','Secret'
of ,,1,delete_n:0,'of ',''
,failed ,1,insert_0:n,'','failed '
does ,,1,delete_n:0,'does ',''
b,li,1,split_1:n,'b','li'
l,e,1,substitute_1:1,'l','e'
59,Sg,1,replace_2:2,'59','Sg'
de,habharata,1,replace_2:9,'de','habharata'
st,chn,1,replace_2:3,'st','chn'
rl,th,1,replace_2:2,'rl','th'
at ,,1,delete_n:0,'at ',''
, for,1,insert_0:n,'',' for'
ai,,1,delete_n:0,'ai',''
,ounder,1,insert_0:n,'','ounder'
to,As,1,replace_2:2,'to','As'
vi,u,1,merge_n:1,'vi','u'
,li,1,insert_0:n,'','li'
ral,,1,delete_n:0,'ral',''
,fl,1,insert_0:n,'','fl'
,cen,1,insert_0:n,'','cen'
s,A,1,substitute_1:1,'s','A'
T,h,1,substitute_1:1,'T','h'
h,tr,1,split_1:n,'h','tr'
bb,ggl,1,replace_2:3,'bb','ggl'
o,ate,1,split_1:n,'o','ate'
ta,Ac,1,replace_2:2,'ta','Ac'
h,dr,1,split_1:n,'h','dr'
yo,gea,1,replace_2:3,'yo','gea'
b,lov,1,split_1:n,'b','lov'
, dour,1,insert_0:n,'',' dour'
itua,elec,1,replace_4:4,'itua','elec'
rl,ve,1,replace_2:2,'rl','ve'
sex,that,1,replace_3:4,'sex','that'
an,out,1,replace_2:3,'an','out'
In,has,1,replace_2:3,'In','has'
y,ing,1,split_1:n,'y','ing'
u,wi,1,split_1:n,'u','wi'
old,aunt,1,replace_3:4,'old','aunt'
b,t,1,substitute_1:1,'b','t'
fr,chn,1,replace_2:3,'fr','chn'
en,cally ,1,replace_2:6,'en','cally '
,rien,1,insert_0:n,'','rien'
tant,ed,1,replace_4:2,'tant','ed'
,"""com",1,insert_0:n,'',"'""com'"
 it,,1,delete_n:0,' it',''
iv,ju,1,replace_2:2,'iv','ju'
ow,au,1,replace_2:2,'ow','au'
ole ,k,1,merge_n:1,'ole ','k'
,enot D,1,insert_0:n,'','enot D'
bu,,1,delete_n:0,'bu',''
,hat,1,insert_0:n,'','hat'
nd,s,1,merge_n:1,'nd','s'
Mr.,she,1,replace_3:3,'Mr.','she'
 of the,,1,delete_n:0,' of the',''
,Qu,1,insert_0:n,'','Qu'
nd,ker,1,replace_2:3,'nd','ker'
,lie,1,insert_0:n,'','lie'
Mr,Lt,1,replace_2:2,'Mr','Lt'
St,H,1,merge_n:1,'St','H'
ast,ord,1,replace_3:3,'ast','ord'
W,lik,1,split_1:n,'W','lik'
on,cry,1,replace_2:3,'on','cry'
c,sed,1,split_1:n,'c','sed'
,ale,1,insert_0:n,'','ale'
ee, ,1,merge_n:1,'ee',' '
ha,trie,1,replace_2:4,'ha','trie'
worl,an,1,replace_4:2,'worl','an'
M,t,1,substitute_1:1,'M','t'
, not,1,insert_0:n,'',' not'
ways,leging,1,replace_4:6,'ways','leging'
bu,tha,1,replace_2:3,'bu','tha'
M,othe,1,split_1:n,'M','othe'
,out,1,insert_0:n,'','out'
Mr,its,1,replace_2:3,'Mr','its'
x,sen,1,split_1:n,'x','sen'
Mr,St,1,replace_2:2,'Mr','St'
,"""po",1,insert_0:n,'',"'""po'"
ul,er,1,replace_2:2,'ul','er'
from,when,1,replace_4:4,'from','when'
 Mo,Ha,1,replace_3:2,' Mo','Ha'
i,ly ,1,split_1:n,'i','ly '
,eav,1,insert_0:n,'','eav'
m ,ir,1,replace_2:2,'m ','ir'
ff,ll,1,replace_2:2,'ff','ll'
ask,tell,1,replace_3:4,'ask','tell'
u,lie,1,split_1:n,'u','lie'
odd,act,1,replace_3:3,'odd','act'
w,av,1,split_1:n,'w','av'
et,a,1,merge_n:1,'et','a'
w,g,1,substitute_1:1,'w','g'
n,"s""",1,split_1:n,'n',"'s""'"
v,V,1,substitute_1:1,'v','V'
am,xw,1,replace_2:2,'am','xw'
,war,1,insert_0:n,'','war'
OT,ot,1,replace_2:2,'OT','ot'
m,uac,1,split_1:n,'m','uac'
" ,",.,1,merge_n:1,"' ,'",'.'
t,ds,1,split_1:n,'t','ds'
G,"""C",1,split_1:n,'G',"'""C'"
ONALD,onald,1,replace_5:5,'ONALD','onald'
OUSTON,ouston,1,replace_6:6,'OUSTON','ouston'
a,&,1,substitute_1:1,'a','&'
A,at,1,split_1:n,'A','at'
T V',Wil,1,replace_4:3,"""T V'""",'Wil'
b,he,1,split_1:n,'b','he'
,pe,1,insert_0:n,'','pe'
ERDICT,erdict,1,replace_6:6,'ERDICT','erdict'
ac,ou,1,replace_2:2,'ac','ou'
ara,he,1,replace_3:2,'ara','he'
ce ,sions,1,replace_3:5,'ce ','sions'
ar,ng,1,replace_2:2,'ar','ng'
"er ,",sh,1,replace_4:2,"'er ,'",'sh'
I,g,1,substitute_1:1,'I','g'
em ,rough,1,replace_3:5,'em ','rough'
,ngi,1,insert_0:n,'','ngi'
n,f,1,substitute_1:1,'n','f'
 got to,,1,delete_n:0,' got to',''
,got to ,1,insert_0:n,'','got to '
... peo,,1,delete_n:0,'... peo',''
,ase,1,insert_0:n,'','ase'
l,nt,1,split_1:n,'l','nt'
a,oci,1,split_1:n,'a','oci'
nk,rt,1,replace_2:2,'nk','rt'
"compositions , ",,1,delete_n:0,"'compositions , '",''
,:,1,insert_0:n,'',':'
:,"compositions,",1,split_1:n,':',"'compositions,'"
- a,es,1,replace_3:2,'- a','es'
am,ortun,1,replace_2:5,'am','ortun'
med,unc,1,replace_3:3,'med','unc'
an,llor,1,replace_2:4,'an','llor'
vi,l,1,merge_n:1,'vi','l'
b,C,1,substitute_1:1,'b','C'
,Go,1,insert_0:n,'','Go'
ist,d,1,merge_n:1,'ist','d'
w,ast,1,split_1:n,'w','ast'
2,U,1,substitute_1:1,'2','U'
,"a cut above Evelyn Waugh socially,",1,insert_0:n,'',"'a cut above Evelyn Waugh socially,'"
ren,lu,1,replace_3:2,'ren','lu'
ite,k,1,merge_n:1,'ite','k'
v,k,1,substitute_1:1,'v','k'
I 'm,live,1,replace_4:4,"""I 'm""",'live'
Av,M,1,merge_n:1,'Av','M'
you,stage,1,replace_3:5,'you','stage'
n,ish,1,split_1:n,'n','ish'
u,ic,1,split_1:n,'u','ic'
l,ased,1,split_1:n,'l','ased'
10,No,1,replace_2:2,'10','No'
th,min,1,replace_2:3,'th','min'
a,2,1,substitute_1:1,'a','2'
 (,,1,delete_n:0,' (',''
t,a,1,substitute_1:1,'t','a'
r-,n,1,merge_n:1,'r-','n'
e tim,,1,delete_n:0,'e tim',''
 .,"s,",1,replace_2:2,' .',"'s,'"
o,ea,1,split_1:n,'o','ea'
w,L,1,substitute_1:1,'w','L'
, all,1,insert_0:n,'',' all'
h,to c,1,split_1:n,'h','to c'
,walking,1,insert_0:n,'','walking'
w,"ur""",1,split_1:n,'w',"'ur""'"
," "" good girl """"",1,insert_0:n,'',"' "" good girl """"'"
an ,,1,delete_n:0,'an ',''
u,si,1,split_1:n,'u','si'
ubt,kil,1,replace_3:3,'ubt','kil'
" ,",d,1,merge_n:1,"' ,'",'d'
,Gr,1,insert_0:n,'','Gr'
w,l,1,substitute_1:1,'w','l'
L',21 ,1,replace_2:3,"""L'""",'21 '
,born Bronx carpenter named,1,insert_0:n,'','born Bronx carpenter named'
urn,hem,1,replace_3:3,'urn','hem'
,b,1,insert_0:n,'','b'
vi,W,1,merge_n:1,'vi','W'
b,le,1,split_1:n,'b','le'
m,c,1,substitute_1:1,'m','c'
ny,sual,1,replace_2:4,'ny','sual'
,kitc,1,insert_0:n,'','kitc'
,re i,1,insert_0:n,'','re i'
ss,cc,1,replace_2:2,'ss','cc'
mo,whe,1,replace_2:3,'mo','whe'
wom,ut,1,replace_3:2,'wom','ut'
,sils,1,insert_0:n,'','sils'
,ulated,1,insert_0:n,'','ulated'
,s as,1,insert_0:n,'','s as'
, nuns,1,insert_0:n,'',' nuns'
tu,d,1,merge_n:1,'tu','d'
W,wh,1,split_1:n,'W','wh'
am,qu,1,replace_2:2,'am','qu'
an,ook,1,replace_2:3,'an','ook'
ne,chu,1,replace_2:3,'ne','chu'
mp,ng,1,replace_2:2,'mp','ng'
r,nn,1,split_1:n,'r','nn'
accurate . ,,1,delete_n:0,'accurate . ',''
, accurate,1,insert_0:n,'',' accurate'
r,B,1,substitute_1:1,'r','B'
specified ,,1,delete_n:0,'specified ',''
, specified,1,insert_0:n,'',' specified'
,s.,1,insert_0:n,'','s.'
to,pencil.,1,replace_2:7,'to','pencil.'
,Hur,1,insert_0:n,'','Hur'
m,wo,1,split_1:n,'m','wo'
o,h,1,substitute_1:1,'o','h'
ick,d,1,merge_n:1,'ick','d'
ura,iden,1,replace_3:4,'ura','iden'
n,us,1,split_1:n,'n','us'
en,lu,1,replace_2:2,'en','lu'
il,k,1,merge_n:1,'il','k'
wor,ma,1,replace_3:2,'wor','ma'
ir,a,1,merge_n:1,'ir','a'
t,p,1,substitute_1:1,'t','p'
per,sk,1,replace_3:2,'per','sk'
m,unl,1,split_1:n,'m','unl'
in,ac,1,replace_2:2,'in','ac'
nd,way,1,replace_2:3,'nd','way'
,try ,1,insert_0:n,'','try '
s,z,1,substitute_1:1,'s','z'
 wh,,1,delete_n:0,' wh',''
h,ludes,1,split_1:n,'h','ludes'
d, cq,1,split_1:n,'d',' cq'
cer,at,1,replace_3:2,'cer','at'
or,al,1,replace_2:2,'or','al'
Fi,T,1,merge_n:1,'Fi','T'
,uard,1,insert_0:n,'','uard'
neral,d,1,merge_n:1,'neral','d'
st,dr,1,replace_2:2,'st','dr'
ut,y,1,merge_n:1,'ut','y'
i,la,1,split_1:n,'i','la'
,d u,1,insert_0:n,'','d u'
an,use,1,replace_2:3,'an','use'
, 1,1,insert_0:n,'',' 1'
n,ad,1,split_1:n,'n','ad'
f,R,1,substitute_1:1,'f','R'
a,be,1,split_1:n,'a','be'
a,xu,1,split_1:n,'a','xu'
mark,wheeling,1,replace_4:8,'mark','wheeling'
by,dg,1,replace_2:2,'by','dg'
4,if,1,split_1:n,'4','if'
,in ,1,insert_0:n,'','in '
r ,z,1,merge_n:1,'r ','z'
a,our,1,split_1:n,'a','our'
, and,1,insert_0:n,'',' and'
fir,be,1,replace_3:2,'fir','be'
mou,wa,1,replace_3:2,'mou','wa'
a,op,1,split_1:n,'a','op'
ap,erful,1,replace_2:5,'ap','erful'
ch,Qu,1,replace_2:2,'ch','Qu'
u,ho,1,split_1:n,'u','ho'
fr,h,1,merge_n:1,'fr','h'
,dl,1,insert_0:n,'','dl'
 by 1 in.,,1,delete_n:0,' by 1 in.',''
on,um,1,replace_2:2,'on','um'
.,-,1,substitute_1:1,'.','-'
,led,1,insert_0:n,'','led'
wo,urn,1,replace_2:3,'wo','urn'
ch,dr,1,replace_2:2,'ch','dr'
k,da,1,split_1:n,'k','da'
p,f,1,substitute_1:1,'p','f'
. P,p,1,merge_n:1,'. P','p'
d,et,1,split_1:n,'d','et'
id,ock,1,replace_2:3,'id','ock'
hav,wer,1,replace_3:3,'hav','wer'
An,The,1,replace_2:3,'An','The'
,thankf,1,insert_0:n,'','thankf'
nti,,1,delete_n:0,'nti',''
",",thankful it dies in,1,split_1:n,"','",'thankful it dies in'
, late autumn thankful,1,insert_0:n,'',' late autumn thankful'
ma,incide,1,replace_2:6,'ma','incide'
fter,phids,1,replace_4:5,'fter','phids'
n,ca,1,split_1:n,'n','ca'
greenhouse . ,,1,delete_n:0,'greenhouse . ',''
ma,cou,1,replace_2:3,'ma','cou'
i,y grea,1,split_1:n,'i','y grea'
,e house.,1,insert_0:n,'','e house.'
since ,"""",1,merge_n:1,'since ',"'""'"
," since""",1,insert_0:n,'',"' since""'"
h,lusively,1,split_1:n,'h','lusively'
z,n,1,substitute_1:1,'z','n'
ey,ings,1,replace_2:4,'ey','ings'
qu,gran,1,replace_2:4,'qu','gran'
, be,1,insert_0:n,'',' be'
er,os,1,replace_2:2,'er','os'
#,of,1,split_1:n,'#','of'
r,ic,1,split_1:n,'r','ic'
k ,h,1,merge_n:1,'k ','h'
e,li,1,split_1:n,'e','li'
c,sing,1,split_1:n,'c','sing'
Cla,The,1,replace_3:3,'Cla','The'
e,d,1,substitute_1:1,'e','d'
iz,,1,delete_n:0,'iz',''
nea,mois,1,replace_3:4,'nea','mois'
d,als,1,split_1:n,'d','als'
e,n,1,substitute_1:1,'e','n'
,fic,1,insert_0:n,'','fic'
m,ad,1,split_1:n,'m','ad'
u,bla,1,split_1:n,'u','bla'
tt,H,1,merge_n:1,'tt','H'
d .,cl,1,replace_3:2,'d .','cl'
orm,u,1,merge_n:1,'orm','u'
",",it,1,split_1:n,"','",'it'
, your own ;,1,insert_0:n,'',' your own ;'
s .,i,1,merge_n:1,'s .','i'
it,I,1,merge_n:1,'it','I'
no,as,1,replace_2:2,'no','as'
ings,em,1,replace_4:2,'ings','em'
re,p,1,merge_n:1,'re','p'
b,G,1,substitute_1:1,'b','G'
k,gle',1,split_1:n,'k',"""gle'"""
m,l,1,substitute_1:1,'m','l'
,asura,1,insert_0:n,'','asura'
om,c,1,merge_n:1,'om','c'
na,s,1,merge_n:1,'na','s'
, world,1,insert_0:n,'',' world'
,out ,1,insert_0:n,'','out '
ul,addi,1,replace_2:4,'ul','addi'
m,on,1,split_1:n,'m','on'
te,l,1,merge_n:1,'te','l'
," to""",1,insert_0:n,'',"' to""'"
y,e,1,substitute_1:1,'y','e'
y,ag,1,split_1:n,'y','ag'
ng,r,1,merge_n:1,'ng','r'
, up,1,insert_0:n,'',' up'
r,"""f",1,split_1:n,'r',"'""f'"
about ,,1,delete_n:0,'about ',''
ay,"rong""",1,replace_2:5,'ay',"'rong""'"
nt,ur,1,replace_2:2,'nt','ur'
m .,a,1,merge_n:1,'m .','a'
ju,fir,1,replace_2:3,'ju','fir'
i,d,1,substitute_1:1,'i','d'
obl,,1,delete_n:0,'obl',''
m,cedent,1,split_1:n,'m','cedent'
bo,la,1,replace_2:2,'bo','la'
r,nd,1,split_1:n,'r','nd'
,ho,1,insert_0:n,'','ho'
n,achi,1,split_1:n,'n','achi'
ar,v,1,merge_n:1,'ar','v'
,Oc,1,insert_0:n,'','Oc'
,teen,1,insert_0:n,'','teen'
w,h,1,substitute_1:1,'w','h'
Di,the sta,1,replace_2:7,'Di','the sta'
ector,s,1,merge_n:1,'ector','s'
in ,"""",1,merge_n:1,'in ',"'""'"
,ab,1,insert_0:n,'','ab'
ng,lity,1,replace_2:4,'ng','lity'
1 ,N,1,merge_n:1,'1 ','N'
g,cy,1,split_1:n,'g','cy'
ut,ark,1,replace_2:3,'ut','ark'
the,Ma,1,replace_3:2,'the','Ma'
,tit,1,insert_0:n,'','tit'
ik,,1,delete_n:0,'ik',''
at,ich,1,replace_2:3,'at','ich'
,ahead s,1,insert_0:n,'','ahead s'
hat te,y,1,merge_n:1,'hat te','y'
w,rec,1,split_1:n,'w','rec'
Ma,The,1,replace_2:3,'Ma','The'
ugg,niffl,1,replace_3:5,'ugg','niffl'
m,b,1,substitute_1:1,'m','b'
,'s ,1,insert_0:n,'',"""'s """
w,se,1,split_1:n,'w','se'
H,t'oth,1,split_1:n,'H',"""t'oth"""
Ca,Gu,1,replace_2:2,'Ca','Gu'
a,se,1,split_1:n,'a','se'
4,3,1,substitute_1:1,'4','3'
h,liv,1,split_1:n,'h','liv'
,di,1,insert_0:n,'','di'
id,,1,delete_n:0,'id',''
k,i,1,substitute_1:1,'k','i'
a,oc,1,split_1:n,'a','oc'
n,ua,1,split_1:n,'n','ua'
the,No,1,replace_3:2,'the','No'
us,n,1,merge_n:1,'us','n'
str,d,1,merge_n:1,'str','d'
ay,eg,1,replace_2:2,'ay','eg'
b,"""d",1,split_1:n,'b',"'""d'"
in t,"""T",1,replace_4:2,'in t',"'""T'"
ht,ner,1,replace_2:3,'ht','ner'
stamp ,,1,delete_n:0,'stamp ',''
, stamp,1,insert_0:n,'',' stamp'
bei,,1,delete_n:0,'bei',''
,au,1,insert_0:n,'','au'
,hty,1,insert_0:n,'','hty'
ar,th,1,replace_2:2,'ar','th'
it ,,1,delete_n:0,'it ',''
w,ut,1,split_1:n,'w','ut'
a,id,1,split_1:n,'a','id'
y,ight,1,split_1:n,'y','ight'
s,M,1,substitute_1:1,'s','M'
ns,m,1,merge_n:1,'ns','m'
. Mr.,it,1,replace_5:2,'. Mr.','it'
t ,r,1,merge_n:1,'t ','r'
4,5,1,substitute_1:1,'4','5'
gl,,1,delete_n:0,'gl',''
,frai,1,insert_0:n,'','frai'
op,gr,1,replace_2:2,'op','gr'
n,at,1,split_1:n,'n','at'
one to ,,1,delete_n:0,'one to ',''
, one to,1,insert_0:n,'',' one to'
, Naples,1,insert_0:n,'',' Naples'
,kin,1,insert_0:n,'','kin'
me,und,1,replace_2:3,'me','und'
is ,,1,delete_n:0,'is ',''
",",a,1,substitute_1:1,"','",'a'
wa,beg,1,replace_2:3,'wa','beg'
arti,e,1,merge_n:1,'arti','e'
g,j,1,substitute_1:1,'g','j'
wr,n,1,merge_n:1,'wr','n'
 ,l,1,substitute_1:1,' ','l'
man,high,1,replace_3:4,'man','high'
uv,w,1,merge_n:1,'uv','w'
a,ir,1,split_1:n,'a','ir'
;,is,1,split_1:n,';','is'
e,olid,1,split_1:n,'e','olid'
lth,y,1,merge_n:1,'lth','y'
ve,ck,1,replace_2:2,'ve','ck'
,ec,1,insert_0:n,'','ec'
st ,ly,1,replace_3:2,'st ','ly'
i,oc,1,split_1:n,'i','oc'
t,s,1,substitute_1:1,'t','s'
e,ack,1,split_1:n,'e','ack'
"me , ","""",1,merge_n:1,"'me , '","'""'"
," an""",1,insert_0:n,'',"' an""'"
,to,1,insert_0:n,'','to'
wint,Wak,1,replace_4:3,'wint','Wak'
Ar,Gen,1,replace_2:3,'Ar','Gen'
hur,lemen,1,replace_3:5,'hur','lemen'
", bu",,1,delete_n:0,"', bu'",''
,alk,1,insert_0:n,'','alk'
"me ,",way,1,replace_4:3,"'me ,'",'way'
bu,i,1,merge_n:1,'bu','i'
a,ig,1,split_1:n,'a','ig'
.. .,,1,delete_n:0,'.. .',''
d,ish,1,split_1:n,'d','ish'
,ng,1,insert_0:n,'','ng'
tho,A,1,merge_n:1,'tho','A'
a,ecur,1,split_1:n,'a','ecur'
ling,ty,1,replace_4:2,'ling','ty'
' to,I,1,merge_n:1,"""' to""",'I'
,and ,1,insert_0:n,'','and '
I h,le,1,replace_3:2,'I h','le'
u,te,1,split_1:n,'u','te'
l ' ,d,1,merge_n:1,"""l ' """,'d'
but,when,1,replace_3:4,'but','when'
A,C,1,substitute_1:1,'A','C'
ev,ru,1,replace_2:2,'ev','ru'
fall of the ,,1,delete_n:0,'fall of the ',''
o,hateve,1,split_1:n,'o','hateve'
f,k,1,substitute_1:1,'f','k'
Ita,He,1,replace_3:2,'Ita','He'
a,gh,1,split_1:n,'a','gh'
u,igh,1,split_1:n,'u','igh'
w,ca,1,split_1:n,'w','ca'
it,ry,1,replace_2:2,'it','ry'
know,ma,1,replace_4:2,'know','ma'
,ou mistak,1,insert_0:n,'','ou mistak'
,"n,",1,insert_0:n,'',"'n,'"
U,Wil,1,split_1:n,'U','Wil'
# ,,1,delete_n:0,'# ',''
1,I ,1,split_1:n,'1','I '
no,s,1,merge_n:1,'no','s'
m,Har,1,split_1:n,'m','Har'
ma,proce,1,replace_2:5,'ma','proce'
but,will,1,replace_3:4,'but','will'
,mon,1,insert_0:n,'','mon'
ory,an,1,replace_3:2,'ory','an'
bu,Sal,1,replace_2:3,'bu','Sal'
,fter,1,insert_0:n,'','fter'
mb,l,1,merge_n:1,'mb','l'
I,"so""",1,split_1:n,'I',"'so""'"
U,"""Ma",1,split_1:n,'U',"'""Ma'"
tha,Wel,1,replace_3:3,'tha','Wel'
,gr,1,insert_0:n,'','gr'
st,"""Sh",1,replace_2:3,'st',"'""Sh'"
,T,1,insert_0:n,'','T'
ful,ted,1,replace_3:3,'ful','ted'
I,and,1,split_1:n,'I','and'
ee,ou,1,replace_2:2,'ee','ou'
an,94,1,replace_2:2,'an','94'
a,so,1,split_1:n,'a','so'
y ,ies,1,replace_2:3,'y ','ies'
,pace s,1,insert_0:n,'','pace s'
an,oo,1,replace_2:2,'an','oo'
cu,we,1,replace_2:2,'cu','we'
,x,1,insert_0:n,'','x'
rma,su,1,replace_3:2,'rma','su'
,den,1,insert_0:n,'','den'
r,mul,1,split_1:n,'r','mul'
 at ,,1,delete_n:0,' at ',''
6,"""Co",1,split_1:n,'6',"'""Co'"
Nor i,I,1,merge_n:1,'Nor i','I'
, Never,1,insert_0:n,'',' Never'
no,the,1,replace_2:3,'no','the'
kn,thr,1,replace_2:3,'kn','thr'
wn,ughout,1,replace_2:6,'wn','ughout'
a,p,1,substitute_1:1,'a','p'
un,rme,1,replace_2:3,'un','rme'
u,h,1,substitute_1:1,'u','h'
H,t,1,substitute_1:1,'H','t'
at,e,1,merge_n:1,'at','e'
hn,lv,1,replace_2:2,'hn','lv'
st,cally,1,replace_2:5,'st','cally'
vi,dre,1,replace_2:3,'vi','dre'
ste,lu,1,replace_3:2,'ste','lu'
,ert,1,insert_0:n,'','ert'
nn .,h,1,merge_n:1,'nn .','h'
a,eg,1,split_1:n,'a','eg'
nc,me,1,replace_2:2,'nc','me'
P,R,1,substitute_1:1,'P','R'
ha,Lor,1,replace_2:3,'ha','Lor'
f,th,1,split_1:n,'f','th'
,an,1,insert_0:n,'','an'
#,May,1,split_1:n,'#','May'
,I,1,insert_0:n,'','I'
an,ere,1,replace_2:3,'an','ere'
D,O,1,substitute_1:1,'D','O'
or,at,1,replace_2:2,'or','at'
w,s,1,substitute_1:1,'w','s'
m,wn,1,split_1:n,'m','wn'
c,ev,1,split_1:n,'c','ev'
t,L,1,substitute_1:1,'t','L'
" ' ,",,1,delete_n:0,""" ' ,""",''
bl,si,1,replace_2:2,'bl','si'
om,an,1,replace_2:2,'om','an'
s,e,1,substitute_1:1,'s','e'
f,ld,1,split_1:n,'f','ld'
a,G,1,substitute_1:1,'a','G'
#,beeing,1,split_1:n,'#','beeing'
K,N,1,substitute_1:1,'K','N'
bu,no,1,replace_2:2,'bu','no'
n,'m,1,split_1:n,'n',"""'m"""
rr,m,1,merge_n:1,'rr','m'
,res,1,insert_0:n,'','res'
se,,1,delete_n:0,'se',''
K,t,1,substitute_1:1,'K','t'
"""", ,1,substitute_1:1,"'""'",' '
an,om,1,replace_2:2,'an','om'
"""",,1,delete_n:0,"'""'",''
 but,lived,1,replace_4:5,' but','lived'
,cei,1,insert_0:n,'','cei'
t,bl,1,split_1:n,'t','bl'
writ,mak,1,replace_4:3,'writ','mak'
-, in comes,1,split_1:n,'-',' in comes'
ng,ps dwell,1,replace_2:8,'ng','ps dwell'
 childle,,1,delete_n:0,' childle',''
3,1,1,substitute_1:1,'3','1'
9,2,1,substitute_1:1,'9','2'
, also,1,insert_0:n,'',' also'
8,9,1,substitute_1:1,'8','9'
n,ma,1,split_1:n,'n','ma'
ms,ward,1,replace_2:4,'ms','ward'
,fferi,1,insert_0:n,'','fferi'
ary,g,1,merge_n:1,'ary','g'
f,y,1,substitute_1:1,'f','y'
ng,y,1,merge_n:1,'ng','y'
ou,ac,1,replace_2:2,'ou','ac'
m,w ,1,split_1:n,'m','w '
wher,induc,1,replace_4:5,'wher','induc'
s,D,1,substitute_1:1,'s','D'
sho,Ha,1,replace_3:2,'sho','Ha'
h,lov,1,split_1:n,'h','lov'
r,att,1,split_1:n,'r','att'
tort,nd,1,replace_4:2,'tort','nd'
ndr,m L,1,replace_3:3,'ndr','m L'
,he kitch,1,insert_0:n,'','he kitch'
tion,,1,delete_n:0,'tion',''
But,said,1,replace_3:4,'But','said'
wo,hree,1,replace_2:4,'wo','hree'
,in,1,insert_0:n,'','in'
ur-,les,1,replace_3:3,'ur-','les'
her,to,1,replace_3:2,'her','to'
na,,1,delete_n:0,'na',''
t,M,1,substitute_1:1,'t','M'
ob,at,1,replace_2:2,'ob','at'
' I,O,1,merge_n:1,"""' I""",'O'
ja,po,1,replace_2:2,'ja','po'
h,Cu,1,split_1:n,'h','Cu'
, groping after wads of five,1,insert_0:n,'',' groping after wads of five'
s,g,1,substitute_1:1,'s','g'
, at all.,1,insert_0:n,'',' at all.'
n,he,1,split_1:n,'n','he'
s,u,1,substitute_1:1,'s','u'
tch,bs,1,replace_3:2,'tch','bs'
, the,1,insert_0:n,'',' the'
,tea,1,insert_0:n,'','tea'
ide,,1,delete_n:0,'ide',''
f,bo,1,split_1:n,'f','bo'
om,n,1,merge_n:1,'om','n'
,ed ,1,insert_0:n,'','ed '
on,at,1,replace_2:2,'on','at'
fu,Le,1,replace_2:2,'fu','Le'
' ' ,"""",1,merge_n:1,"""' ' ""","'""'"
n,c,1,substitute_1:1,'n','c'
rell,,1,delete_n:0,'rell',''
S,T,1,substitute_1:1,'S','T'
THAT ,that,1,replace_5:4,'THAT ','that'
"""v",,1,delete_n:0,"'""v'",''
aw,st,1,replace_2:2,'aw','st'
th,fin,1,replace_2:3,'th','fin'
th,sex,1,replace_2:3,'th','sex'
I 'm,Huh,1,replace_4:3,"""I 'm""",'Huh'
m,se,1,split_1:n,'m','se'
u,k,1,substitute_1:1,'u','k'
d,"""ch",1,split_1:n,'d',"'""ch'"
. ,Andy,1,replace_2:4,'. ','Andy'
 Only,,1,delete_n:0,' Only',''
" , I say might ,",,1,delete_n:0,"' , I say might ,'",''
". "" S",t,1,merge_n:1,"'. "" S'",'t'
m,lik,1,split_1:n,'m','lik'
 O,w,1,merge_n:1,' O','w'
wo .,ax,1,replace_4:2,'wo .','ax'
th,He,1,replace_2:2,'th','He'
 ,t,1,substitute_1:1,' ','t'
G,T,1,substitute_1:1,'G','T'
ur,cen,1,replace_2:3,'ur','cen'
t,fl,1,split_1:n,'t','fl'
ur,es,1,replace_2:2,'ur','es'
j,g,1,substitute_1:1,'j','g'
,wh,1,insert_0:n,'','wh'
e, o,1,split_1:n,'e',' o'
r,geta,1,split_1:n,'r','geta'
La,to,1,replace_2:2,'La','to'
is,B,1,merge_n:1,'is','B'
,ac,1,insert_0:n,'','ac'
ti,ho,1,replace_2:2,'ti','ho'
k ,d,1,merge_n:1,'k ','d'
6, G,1,split_1:n,'6',' G'
it,If,1,replace_2:2,'it','If'
f,u,1,substitute_1:1,'f','u'
*?,e.,1,replace_2:2,'*?','e.'
t, cl,1,split_1:n,'t',' cl'
a,tle,1,split_1:n,'a','tle'
ro,b,1,merge_n:1,'ro','b'
La,An,1,replace_2:2,'La','An'
book,death,1,replace_4:5,'book','death'
,hlu,1,insert_0:n,'','hlu'
," to murders, apart for an outcry against a",1,insert_0:n,'',"' to murders, apart for an outcry against a'"
h,e,1,substitute_1:1,'h','e'
but,And,1,replace_3:3,'but','And'
me,nd,1,replace_2:2,'me','nd'
e,as,1,split_1:n,'e','as'
n,k,1,substitute_1:1,'n','k'
in,I'm,1,replace_2:3,'in',"""I'm"""
h,er,1,split_1:n,'h','er'
her,on,1,replace_3:2,'her','on'
se ,r,1,merge_n:1,'se ','r'
ma,nee,1,replace_2:3,'ma','nee'
chi,au,1,replace_3:2,'chi','au'
 i,',1,merge_n:1,' i',"""'"""
t straigh,,1,delete_n:0,'t straigh',''
om,ered,1,replace_2:4,'om','ered'
*,,1,delete_n:0,'*',''
2, It,1,split_1:n,'2',' It'
,ships ,1,insert_0:n,'','ships '
t,ck,1,split_1:n,'t','ck'
who ,and,1,replace_4:3,'who ','and'
etty,olong,1,replace_4:5,'etty','olong'
v,ut,1,split_1:n,'v','ut'
un,ea,1,replace_2:2,'un','ea'
o,ich,1,split_1:n,'o','ich'
,pine,1,insert_0:n,'','pine'
wh,curl,1,replace_2:4,'wh','curl'
' C,F,1,merge_n:1,"""' C""",'F'
-,r punished,1,split_1:n,'-','r punished'
n ,med,1,replace_2:3,'n ','med'
to,be,1,replace_2:2,'to','be'
, line,1,insert_0:n,'',' line'
st,Sh,1,replace_2:2,'st','Sh'
on ,a,1,merge_n:1,'on ','a'
M,ell,1,split_1:n,'M','ell'
A,ct,1,split_1:n,'A','ct'
*?, is,1,replace_2:3,'*?',' is'
ting,hhy,1,replace_4:3,'ting','hhy'
n,ak,1,split_1:n,'n','ak'
,redu,1,insert_0:n,'','redu'
ould,e,1,merge_n:1,'ould','e'
ri,n,1,merge_n:1,'ri','n'
le,,1,delete_n:0,'le',''
S,d,1,substitute_1:1,'S','d'
8,R,1,substitute_1:1,'8','R'
z,g,1,substitute_1:1,'z','g'
as ,on,1,replace_3:2,'as ','on'
at,of,1,replace_2:2,'at','of'
b,j,1,substitute_1:1,'b','j'
is,way,1,replace_2:3,'is','way'
E,fo,1,split_1:n,'E','fo'
ir,,1,delete_n:0,'ir',''
rd,tion,1,replace_2:4,'rd','tion'
m,"qui""",1,split_1:n,'m',"'qui""'"
1t,"""W",1,replace_2:2,'1t',"'""W'"
tho,Ha,1,replace_3:2,'tho','Ha'
nt,ech,1,replace_2:3,'nt','ech'
 ;,ing,1,replace_2:3,' ;','ing'
,ssing,1,insert_0:n,'','ssing'
d,ex,1,split_1:n,'d','ex'
, symbols (the MANISHTANO),1,insert_0:n,'',' symbols (the MANISHTANO)'
n .,m,1,merge_n:1,'n .','m'
J,f,1,substitute_1:1,'J','f'
,hear,1,insert_0:n,'','hear'
urb,en,1,replace_3:2,'urb','en'
ing,y,1,merge_n:1,'ing','y'
b,W,1,substitute_1:1,'b','W'
we,us,1,replace_2:2,'we','us'
h, me,1,split_1:n,'h',' me'
nd,ls,1,replace_2:2,'nd','ls'
1h,st,1,replace_2:2,'1h','st'
,ple,1,insert_0:n,'','ple'
,ro,1,insert_0:n,'','ro'
, probably,1,insert_0:n,'',' probably'
ll,tt,1,replace_2:2,'ll','tt'
im,er,1,replace_2:2,'im','er'
ou,enni,1,replace_2:4,'ou','enni'
ld,ght,1,replace_2:3,'ld','ght'
b,qu,1,split_1:n,'b','qu'
n,red,1,split_1:n,'n','red'
ok,h,1,merge_n:1,'ok','h'
"When , h",H,1,merge_n:1,"'When , h'",'H'
th,How,1,replace_2:3,'th','How'
,"ver,",1,insert_0:n,'',"'ver,'"
k,ch,1,split_1:n,'k','ch'
 ;,,1,delete_n:0,' ;',''
i-,.,1,merge_n:1,'i-','.'
#,At,1,split_1:n,'#','At'
r,T,1,substitute_1:1,'r','T'
is,and,1,replace_2:3,'is','and'
a,nce,1,split_1:n,'a','nce'
,auti,1,insert_0:n,'','auti'
mmon,u,1,merge_n:1,'mmon','u'
um,een,1,replace_2:3,'um','een'
wa,Wro,1,replace_2:3,'wa','Wro'
ce,Co,1,replace_2:2,'ce','Co'
, pro-,1,insert_0:n,'',' pro-'
pro,,1,delete_n:0,'pro',''
a,er,1,split_1:n,'a','er'
N,n,1,substitute_1:1,'N','n'
U,W,1,substitute_1:1,'U','W'
e,ly,1,split_1:n,'e','ly'
in,out,1,replace_2:3,'in','out'
wh,in t,1,replace_2:4,'wh','in t'
u,or,1,split_1:n,'u','or'
ar,e,1,merge_n:1,'ar','e'
cula,tione,1,replace_4:5,'cula','tione'
St,Th,1,replace_2:2,'St','Th'
houl,tarte,1,replace_4:5,'houl','tarte'
,ati,1,insert_0:n,'','ati'
n,p,1,substitute_1:1,'n','p'
nt,d,1,merge_n:1,'nt','d'
a,lec,1,split_1:n,'a','lec'
S,slep,1,split_1:n,'S','slep'
eve,,1,delete_n:0,'eve',''
f,ved,1,split_1:n,'f','ved'
y,ening,1,split_1:n,'y','ening'
F,Tr,1,split_1:n,'F','Tr'
 ,c,1,substitute_1:1,' ','c'
Ha,thi,1,replace_2:3,'Ha','thi'
( an,for,1,replace_4:3,'( an','for'
M,N,1,substitute_1:1,'M','N'
M,D,1,substitute_1:1,'M','D'
the,Hu,1,replace_3:2,'the','Hu'
ur,ha,1,replace_2:2,'ur','ha'
M,sm,1,split_1:n,'M','sm'
,"ever""",1,insert_0:n,'',"'ever""'"
we,su,1,replace_2:2,'we','su'
o,eed,1,split_1:n,'o','eed'
, its off,1,insert_0:n,'',' its off'
o .,day,1,replace_3:3,'o .','day'
, that,1,insert_0:n,'',' that'
l ,s,1,merge_n:1,'l ','s'
w,stly,1,split_1:n,'w','stly'
If,F,1,merge_n:1,'If','F'
e,ird,1,split_1:n,'e','ird'
until,morfydd,1,replace_5:7,'until','morfydd'
,sed,1,insert_0:n,'','sed'
"l . """,m,1,merge_n:1,"'l . ""'",'m'
,me,1,insert_0:n,'','me'
,vou,1,insert_0:n,'','vou'
 more,,1,delete_n:0,' more',''
u,ess,1,split_1:n,'u','ess'
ery,ag,1,replace_3:2,'ery','ag'
on,er,1,replace_2:2,'on','er'
wa,i,1,merge_n:1,'wa','i'
 ,ses,1,split_1:n,' ','ses'
u,er,1,split_1:n,'u','er'
r ,n,1,merge_n:1,'r ','n'
bor,sc,1,replace_3:2,'bor','sc'
er,it,1,replace_2:2,'er','it'
an,o,1,merge_n:1,'an','o'
u,is,1,split_1:n,'u','is'
ck,d,1,merge_n:1,'ck','d'
bu,Sis,1,replace_2:3,'bu','Sis'
s,Simply S,1,split_1:n,'s','Simply S'
rw,in,1,replace_2:2,'rw','in'
t,dly,1,split_1:n,'t','dly'
t,od,1,split_1:n,'t','od'
ar,n,1,merge_n:1,'ar','n'
And,What,1,replace_3:4,'And','What'
into ,,1,delete_n:0,'into ',''
, into,1,insert_0:n,'',' into'
,Mo ,1,insert_0:n,'','Mo '
e ,a,1,merge_n:1,'e ','a'
yo,Ya,1,replace_2:2,'yo','Ya'
, things.,1,insert_0:n,'',' things.'
what ,,1,delete_n:0,'what ',''
, what,1,insert_0:n,'',' what'
,"Ardwell,",1,insert_0:n,'',"'Ardwell,'"
Our,"the""",1,replace_3:4,'Our',"'the""'"
o,as,1,split_1:n,'o','as'
h,In,1,split_1:n,'h','In'
hy,ligg,1,replace_2:4,'hy','ligg'
W,th,1,split_1:n,'W','th'
to,back,1,replace_2:4,'to','back'
,it,1,insert_0:n,'','it'
m,ut,1,split_1:n,'m','ut'
,tr,1,insert_0:n,'','tr'
J,T,1,substitute_1:1,'J','T'
""" "" H",W,1,merge_n:1,"'"" "" H'",'W'
no,was,1,replace_2:3,'no','was'
 It ,H,1,merge_n:1,' It ','H'
w,"""s",1,split_1:n,'w',"'""s'"
A,Fi,1,split_1:n,'A','Fi'
j,s,1,substitute_1:1,'j','s'
en,"st""""",1,replace_2:4,'en',"'st""""'"
a,ue,1,split_1:n,'a','ue'
v,nc,1,split_1:n,'v','nc'
',a,1,substitute_1:1,"""'""",'a'
" ? """,y,1,merge_n:1,"' ? ""'",'y'
ck ,d,1,merge_n:1,'ck ','d'
""" W",h,1,merge_n:1,"'"" W'",'h'
've,is,1,replace_3:2,"""'ve""",'is'
n .,ut,1,replace_3:2,'n .','ut'
,Do,1,insert_0:n,'','Do'
. N,wh,1,replace_3:2,'. N','wh'
d,ainers,1,split_1:n,'d','ainers'
ere,at,1,replace_3:2,'ere','at'
,atc,1,insert_0:n,'','atc'
n,"d us""",1,split_1:n,'n',"'d us""'"
,last ,1,insert_0:n,'','last '
p',thi,1,replace_2:3,"""p'""",'thi'
 last,,1,delete_n:0,' last',''
t ,d,1,merge_n:1,'t ','d'
D,H,1,substitute_1:1,'D','H'
,ni,1,insert_0:n,'','ni'
, rest.,1,insert_0:n,'',' rest.'
on,ask,1,replace_2:3,'on','ask'
2,I ,1,split_1:n,'2','I '
2,d,1,substitute_1:1,'2','d'
2,Z,1,substitute_1:1,'2','Z'
2y,Expr,1,replace_2:4,'2y','Expr'
u,ncea,1,split_1:n,'u','ncea'
n,ut,1,split_1:n,'n','ut'
. H,sh,1,replace_3:2,'. H','sh'
,"r""",1,insert_0:n,'',"'r""'"
 Y,b,1,merge_n:1,' Y','b'
u,x,1,substitute_1:1,'u','x'
n,"""m",1,split_1:n,'n',"'""m'"
v,ugu,1,split_1:n,'v','ugu'
, married to the sweetest wife in the world,1,insert_0:n,'',' married to the sweetest wife in the world'
""" "" ",,1,delete_n:0,"'"" "" '",''
at,eir,1,replace_2:3,'at','eir'
,laug,1,insert_0:n,'','laug'
Luk,leav,1,replace_3:4,'Luk','leav'
h,us,1,split_1:n,'h','us'
c,o,1,substitute_1:1,'c','o'
e,"ing""",1,split_1:n,'e',"'ing""'"
I,y,1,substitute_1:1,'I','y'
.,was,1,split_1:n,'.','was'
you,gain,1,replace_3:4,'you','gain'
s,"""S",1,split_1:n,'s',"'""S'"
" """,!!,1,replace_2:2,"' ""'",'!!'
 ? ,.,1,merge_n:1,' ? ','.'
 M,H,1,merge_n:1,' M','H'
riag,n,1,merge_n:1,'riag','n'
,"ss""",1,insert_0:n,'',"'ss""'"
w ,dy,1,replace_2:2,'w ','dy'
k,m,1,substitute_1:1,'k','m'
lf,y ,1,replace_2:2,'lf','y '
h, n,1,split_1:n,'h',' n'
 he,,1,delete_n:0,' he',''
mm,venant ,1,replace_2:7,'mm','venant '
m, provid,1,split_1:n,'m',' provid'
nts ,d,1,merge_n:1,'nts ','d'
h,is,1,split_1:n,'h','is'
u,ing,1,split_1:n,'u','ing'
bu,oa,1,replace_2:2,'bu','oa'
vo,,1,delete_n:0,'vo',''
v,ax,1,split_1:n,'v','ax'
 C ,E,1,merge_n:1,' C ','E'
,"""Me",1,insert_0:n,'',"'""Me'"
Mc,,1,delete_n:0,'Mc',''
B,b,1,substitute_1:1,'B','b'
 G,b,1,merge_n:1,' G','b'
mm,ncurr,1,replace_2:5,'mm','ncurr'
V,N,1,substitute_1:1,'V','N'
success ,,1,delete_n:0,'success ',''
, success,1,insert_0:n,'',' success'
mach,,1,delete_n:0,'mach',''
,clusiv,1,insert_0:n,'','clusiv'
n,use,1,split_1:n,'n','use'
t,rk,1,split_1:n,'t','rk'
c,be,1,split_1:n,'c','be'
m,ev,1,split_1:n,'m','ev'
nd h,ss,1,replace_4:2,'nd h','ss'
,ting,1,insert_0:n,'','ting'
wa,eve,1,replace_2:3,'wa','eve'
si,cl,1,replace_2:2,'si','cl'
n .,u,1,merge_n:1,'n .','u'
C O,So,1,replace_3:2,'C O','So'
im ,en,1,replace_3:2,'im ','en'
, strike,1,insert_0:n,'',' strike'
w,xt,1,split_1:n,'w','xt'
,ut o,1,insert_0:n,'','ut o'
ate,ory,1,replace_3:3,'ate','ory'
,ly ,1,insert_0:n,'','ly '
 w,xc,1,replace_2:2,' w','xc'
t h,ng,1,replace_3:2,'t h','ng'
was,order,1,replace_3:5,'was','order'
ow,and,1,replace_2:3,'ow','and'
,sc,1,insert_0:n,'','sc'
hol,wi,1,replace_3:2,'hol','wi'
nu,ca,1,replace_2:2,'nu','ca'
ma,woun,1,replace_2:4,'ma','woun'
no,bes,1,replace_2:3,'no','bes'
 11-12,d.M.Rc,1,replace_6:6,' 11-12','d.M.Rc'
v,cl,1,split_1:n,'v','cl'
n,x,1,substitute_1:1,'n','x'
unu,immer,1,replace_3:5,'unu','immer'
o,ne,1,split_1:n,'o','ne'
eservo,a,1,merge_n:1,'eservo','a'
r,ning,1,split_1:n,'r','ning'
m,ar,1,split_1:n,'m','ar'
o,se,1,split_1:n,'o','se'
A n,Gr,1,replace_3:2,'A n','Gr'
a, collec,1,split_1:n,'a',' collec'
ural,ed,1,replace_4:2,'ural','ed'
,on claims f,1,insert_0:n,'','on claims f'
chards to,,1,delete_n:0,'chards to',''
est,ard,1,replace_3:3,'est','ard'
w,ch,1,split_1:n,'w','ch'
,rac,1,insert_0:n,'','rac'
an,em,1,replace_2:2,'an','em'
personal ,"""",1,merge_n:1,'personal ',"'""'"
," personal""",1,insert_0:n,'',"' personal""'"
,cts,1,insert_0:n,'','cts'
am,ow,1,replace_2:2,'am','ow'
diamond ,"""",1,merge_n:1,'diamond ',"'""'"
," diamond""",1,insert_0:n,'',"' diamond""'"
oo,ac,1,replace_2:2,'oo','ac'
", "" ",,1,delete_n:0,"', "" '",''
i,p,1,substitute_1:1,'i','p'
n,yu,1,split_1:n,'n','yu'
m,uy,1,split_1:n,'m','uy'
n,ug,1,split_1:n,'n','ug'
a,orin,1,split_1:n,'a','orin'
I,i,1,substitute_1:1,'I','i'
" fear ,",,1,delete_n:0,"' fear ,'",''
e,ca,1,split_1:n,'e','ca'
" "" ,",,1,delete_n:0,"' "" ,'",''
an,woul,1,replace_2:4,'an','woul'
1,d,1,substitute_1:1,'1','d'
". "" Th",ti,1,replace_6:2,"'. "" Th'",'ti'
h ,lu,1,replace_2:2,'h ','lu'
," in the first part of the shualu, we have first ""and in""",1,insert_0:n,'',"' in the first part of the shualu, we have first ""and in""'"
th,"""Hu",1,replace_2:3,'th',"'""Hu'"
1,L,1,substitute_1:1,'1','L'
u,wa,1,split_1:n,'u','wa'
 2 ,Q,1,merge_n:1,' 2 ','Q'
s ,n,1,merge_n:1,'s ','n'
US,CT,1,replace_2:2,'US','CT'
n ,u,1,merge_n:1,'n ','u'
,erc,1,insert_0:n,'','erc'
7 ,4,1,merge_n:1,'7 ','4'
ho,la,1,replace_2:2,'ho','la'
s,and,1,split_1:n,'s','and'
M,W,1,substitute_1:1,'M','W'
s Remez ;,rj,1,replace_9:2,'s Remez ;','rj'
 1 ,ll,1,replace_3:2,' 1 ','ll'
obj,dir,1,replace_3:3,'obj','dir'
 or,as,1,replace_3:2,' or','as'
r,'v,1,split_1:n,'r',"""'v"""
ur,icka,1,replace_2:4,'ur','icka'
, by rather,1,insert_0:n,'',' by rather'
a,ur,1,split_1:n,'a','ur'
ss,m,1,merge_n:1,'ss','m'
u,end,1,split_1:n,'u','end'
br,h,1,merge_n:1,'br','h'
k,ld,1,split_1:n,'k','ld'
ch ,d,1,merge_n:1,'ch ','d'
p,ck,1,split_1:n,'p','ck'
m,usu,1,split_1:n,'m','usu'
,ll,1,insert_0:n,'','ll'
s,un,1,split_1:n,'s','un'
un,avail,1,replace_2:5,'un','avail'
or,and,1,replace_2:3,'or','and'
,advantage,1,insert_0:n,'','advantage'
ituations,,1,delete_n:0,'ituations',''
,ou,1,insert_0:n,'','ou'
ho,,1,delete_n:0,'ho',''
t ,s,1,merge_n:1,'t ','s'
Him ,thru,1,replace_4:4,'Him ','thru'
big ,,1,delete_n:0,'big ',''
d,gl,1,split_1:n,'d','gl'
H,sh,1,split_1:n,'H','sh'
ved b,x,1,merge_n:1,'ved b','x'
,smal,1,insert_0:n,'','smal'
ss,rt,1,replace_2:2,'ss','rt'
m,unc,1,split_1:n,'m','unc'
,rtai,1,insert_0:n,'','rtai'
ions,y,1,merge_n:1,'ions','y'
r,omb,1,split_1:n,'r','omb'
verse,ning,1,replace_5:4,'verse','ning'
th,day,1,replace_2:3,'th','day'
d ,or,1,replace_2:2,'d ','or'
w,o ,1,split_1:n,'w','o '
t,jo,1,split_1:n,'t','jo'
o s,,1,delete_n:0,'o s',''
r,a,1,substitute_1:1,'r','a'
cessa,mo,1,replace_5:2,'cessa','mo'
bus,thriv,1,replace_3:5,'bus','thriv'
ess,g,1,merge_n:1,'ess','g'
d,ce,1,split_1:n,'d','ce'
l,th,1,split_1:n,'l','th'
ss,,1,delete_n:0,'ss',''
dr,ex,1,replace_2:2,'dr','ex'
' h,l,1,merge_n:1,"""' h""",'l'
d,eq,1,split_1:n,'d','eq'
s,ali,1,split_1:n,'s','ali'
wif,mal,1,replace_3:3,'wif','mal'
d,"""M",1,split_1:n,'d',"'""M'"
- bu,,1,delete_n:0,'- bu',''
,"hat""",1,insert_0:n,'',"'hat""'"
ork ,ait,1,replace_4:3,'ork ','ait'
e a b,,1,delete_n:0,'e a b',''
ay,equenc,1,replace_2:6,'ay','equenc'
s,rc,1,split_1:n,'s','rc'
f,ut,1,split_1:n,'f','ut'
well ,,1,delete_n:0,'well ',''
v,m,1,substitute_1:1,'v','m'
all,of,1,replace_3:2,'all','of'
e,qui,1,split_1:n,'e','qui'
gies,y,1,merge_n:1,'gies','y'
mm,ns,1,replace_2:2,'mm','ns'
,we,1,insert_0:n,'','we'
al,ngd,1,replace_2:3,'al','ngd'
 ,'s,1,split_1:n,' ',"""'s"""
ou,ce,1,replace_2:2,'ou','ce'
h ,lt,1,replace_2:2,'h ','lt'
u,ee,1,split_1:n,'u','ee'
own,accuse,1,replace_3:6,'own','accuse'
J,L,1,substitute_1:1,'J','L'
u,trend,1,split_1:n,'u','trend'
h,"""l",1,split_1:n,'h',"'""l'"
rr,av,1,replace_2:2,'rr','av'
nd,gar,1,replace_2:3,'nd','gar'
ur,ent,1,replace_2:3,'ur','ent'
A,Itti,1,split_1:n,'A','Itti'
lia,es,1,replace_3:2,'lia','es'
,west,1,insert_0:n,'','west'
G,Q,1,substitute_1:1,'G','Q'
t ,ay,1,replace_2:2,'t ','ay'
-w,m,1,merge_n:1,'-w','m'
sur,,1,delete_n:0,'sur',''
 ,nce,1,split_1:n,' ','nce'
m,rn,1,split_1:n,'m','rn'
K,stra,1,split_1:n,'K','stra'
oll,d,1,merge_n:1,'oll','d'
t,ric,1,split_1:n,'t','ric'
ee .,k,1,merge_n:1,'ee .','k'
,f o,1,insert_0:n,'','f o'
h,st,1,split_1:n,'h','st'
tch,nd,1,replace_3:2,'tch','nd'
rr,an,1,replace_2:2,'rr','an'
w,memor,1,split_1:n,'w','memor'
nd,al,1,replace_2:2,'nd','al'
w,an,1,split_1:n,'w','an'
ll ,w,1,merge_n:1,'ll ','w'
H,N,1,substitute_1:1,'H','N'
rr,st,1,replace_2:2,'rr','st'
rr,tt,1,replace_2:2,'rr','tt'
s,er,1,split_1:n,'s','er'
,unn,1,insert_0:n,'','unn'
,ng other,1,insert_0:n,'','ng other'
en above,,1,delete_n:0,'en above',''
d,other,1,split_1:n,'d','other'
of,as,1,replace_2:2,'of','as'
" , so-",,1,delete_n:0,"' , so-'",''
d ,s,1,merge_n:1,'d ','s'
, I'm,1,insert_0:n,'',""" I'm"""
, the Thursday evening with blood actually dripping from,1,insert_0:n,'',' the Thursday evening with blood actually dripping from'
"me well meant , s",S,1,merge_n:1,"'me well meant , s'",'S'
,me well me,1,insert_0:n,'','me well me'
,nt Some mischievous including one that,1,insert_0:n,'','nt Some mischievous including one that'
as,ould,1,replace_2:4,'as','ould'
nd,us,1,replace_2:2,'nd','us'
, persons unknown,1,insert_0:n,'',' persons unknown'
h, m,1,split_1:n,'h',' m'
,"led""",1,insert_0:n,'',"'led""'"
ed,ion,1,replace_2:3,'ed','ion'
L,"""th",1,split_1:n,'L',"'""th'"
f, F,1,split_1:n,'f',' F'
y,i,1,substitute_1:1,'y','i'
nd,mail,1,replace_2:4,'nd','mail'
j,"""d",1,split_1:n,'j',"'""d'"
p,q,1,substitute_1:1,'p','q'
sh,Sn,1,replace_2:2,'sh','Sn'
ma,ud,1,replace_2:2,'ma','ud'
g,D,1,substitute_1:1,'g','D'
en,,1,delete_n:0,'en',''
L,J,1,substitute_1:1,'L','J'
le,h,1,merge_n:1,'le','h'
h,jo,1,split_1:n,'h','jo'
ve,on,1,replace_2:2,'ve','on'
It,His,1,replace_2:3,'It','His'
li,O,1,merge_n:1,'li','O'
n or,mbi,1,replace_4:3,'n or','mbi'
,uit,1,insert_0:n,'','uit'
h,tri,1,split_1:n,'h','tri'
g,S,1,substitute_1:1,'g','S'
er,k,1,merge_n:1,'er','k'
h,kn,1,split_1:n,'h','kn'
s,th,1,split_1:n,'s','th'
 .,f,1,merge_n:1,' .','f'
s,a,1,substitute_1:1,'s','a'
,of the ,1,insert_0:n,'','of the '
v,n,1,substitute_1:1,'v','n'
,"ci gypsy? Wait wait no, wait wait! Wait no, wait is it """,1,insert_0:n,'',"'ci gypsy? Wait wait no, wait wait! Wait no, wait is it ""'"
,""" and the 'ci' is actually ""a""? No, no, I'm sure there's a c and an i. Wait wait but let me check again. Oh! Oh wait! No! Wait the word after to is ""a"" no, no, the letters are c i, so yes. So that's the answer. Wait but maybe I'm wrong? Wait no, the image shows ""possibly comparable alone to ci gypsy",1,insert_0:n,'',"'"" and the \'ci\' is actually ""a""? No, no, I\'m sure there\'s a c and an i. Wait wait but let me check again. Oh! Oh wait! No! Wait the word after to is ""a"" no, no, the letters are c i, so yes. So that\'s the answer. Wait but maybe I\'m wrong? Wait no, the image shows ""possibly comparable alone to ci gypsy'"
r, i,1,split_1:n,'r',' i'
ou,ea,1,replace_2:2,'ou','ea'
" ,",ing,1,replace_2:3,"' ,'",'ing'
,si,1,insert_0:n,'','si'
b,od,1,split_1:n,'b','od'
,in France as is tea drinking among ourselves and ,1,insert_0:n,'','in France as is tea drinking among ourselves and '
,"intellectual""",1,insert_0:n,'',"'intellectual""'"
#,greatly,1,split_1:n,'#','greatly'
tur,ha,1,replace_3:2,'tur','ha'
& v,r,1,merge_n:1,'& v','r'
on,&,1,merge_n:1,'on','&'
wh,s,1,merge_n:1,'wh','s'
,stewe,1,insert_0:n,'','stewe'
inner,,1,delete_n:0,'inner',''
in,um,1,replace_2:2,'in','um'
f,P,1,substitute_1:1,'f','P'
T,S,1,substitute_1:1,'T','S'
, who,1,insert_0:n,'',' who'
,volved the dreary method of mining operations in,1,insert_0:n,'','volved the dreary method of mining operations in'
the,a,1,merge_n:1,'the','a'
s,x,1,substitute_1:1,'s','x'
m,cuir,1,split_1:n,'m','cuir'
il,ss,1,replace_2:2,'il','ss'
nce,u,1,merge_n:1,'nce','u'
,tack,1,insert_0:n,'','tack'
r,cec,1,split_1:n,'r','cec'
ab,er,1,replace_2:2,'ab','er'
x,n,1,substitute_1:1,'x','n'
t,chis,1,split_1:n,'t','chis'
e,t,1,substitute_1:1,'e','t'
,mo,1,insert_0:n,'','mo'
y,age,1,split_1:n,'y','age'
ut,ad,1,replace_2:2,'ut','ad'
thi,Here',1,replace_3:5,'thi',"""Here'"""
f,L,1,substitute_1:1,'f','L'
,pi,1,insert_0:n,'','pi'
r,it,1,split_1:n,'r','it'
r,t ,1,split_1:n,'r','t '
2,3,1,substitute_1:1,'2','3'
c,ren,1,split_1:n,'c','ren'
rst,nancial,1,replace_3:7,'rst','nancial'
o,we,1,split_1:n,'o','we'
 see,,1,delete_n:0,' see',''
- ,t,1,merge_n:1,'- ','t'
 o,a,1,merge_n:1,' o','a'
 and,,1,delete_n:0,' and',''
at,ev,1,replace_2:2,'at','ev'
,ai,1,insert_0:n,'','ai'
gh,f,1,merge_n:1,'gh','f'
s,b,1,substitute_1:1,'s','b'
, were sold at 32 pieces for one shilling.,1,insert_0:n,'',' were sold at 32 pieces for one shilling.'
K,w,1,substitute_1:1,'K','w'
v,,1,delete_n:0,'v',''
",",to,1,split_1:n,"','",'to'
, singy,1,insert_0:n,'',' singy'
sing t,T,1,merge_n:1,'sing t','T'
,by ,1,insert_0:n,'','by '
wh,t,1,merge_n:1,'wh','t'
ha,be locke,1,replace_2:8,'ha','be locke'
the,up,1,replace_3:2,'the','up'
be,to,1,replace_2:2,'be','to'
members ,,1,delete_n:0,'members ',''
wo,Ma,1,replace_2:2,'wo','Ma'
k ,ch,1,replace_2:2,'k ','ch'
k,E,1,substitute_1:1,'k','E'
wn,ugh,1,replace_2:3,'wn','ugh'
,f may Mos,1,insert_0:n,'','f may Mos'
was not n,c,1,merge_n:1,'was not n','c'
vis,wa,1,replace_3:2,'vis','wa'
, incumbency,1,insert_0:n,'',' incumbency'
 that,,1,delete_n:0,' that',''
me,nk,1,replace_2:2,'me','nk'
L,S,1,substitute_1:1,'L','S'
hi,lu,1,replace_2:2,'hi','lu'
low ,iday,1,replace_4:4,'low ','iday'
St,N,1,merge_n:1,'St','N'
st,N,1,merge_n:1,'st','N'
st,n,1,merge_n:1,'st','n'
t,ll,1,split_1:n,'t','ll'
huff,,1,delete_n:0,'huff',''
",",file,1,split_1:n,"','",'file'
on,a,1,merge_n:1,'on','a'
ts,b,1,merge_n:1,'ts','b'
iss,umm,1,replace_3:3,'iss','umm'
Thi,Plu,1,replace_3:3,'Thi','Plu'
our,Odin,1,replace_3:4,'our','Odin'
al, to,1,replace_2:3,'al',' to'
mpt,bab,1,replace_3:3,'mpt','bab'
mo,ha,1,replace_2:2,'mo','ha'
n,M,1,substitute_1:1,'n','M'
,"g""",1,insert_0:n,'',"'g""'"
was c,C,1,merge_n:1,'was c','C'
nd,lways,1,replace_2:5,'nd','lways'
tio,ha,1,replace_3:2,'tio','ha'
" ,",ly,1,replace_2:2,"' ,'",'ly'
on,w,1,merge_n:1,'on','w'
el,d,1,merge_n:1,'el','d'
n,tur,1,split_1:n,'n','tur'
l,f,1,substitute_1:1,'l','f'
bu,hi,1,replace_2:2,'bu','hi'
un ,eers,1,replace_3:4,'un ','eers'
Bo,Se,1,replace_2:2,'Bo','Se'
,text ,1,insert_0:n,'','text '
,disc,1,insert_0:n,'','disc'
4mic,of p,1,replace_4:4,'4mic','of p'
deb,vincial,1,replace_3:7,'deb','vincial'
u,elici,1,split_1:n,'u','elici'
L,Ch,1,split_1:n,'L','Ch'
b,voc,1,split_1:n,'b','voc'
u,ir,1,split_1:n,'u','ir'
g,q,1,substitute_1:1,'g','q'
,Li,1,insert_0:n,'','Li'
if,l,1,merge_n:1,'if','l'
i,re,1,split_1:n,'i','re'
M,m,1,substitute_1:1,'M','m'
k,r,1,substitute_1:1,'k','r'
a,eve,1,split_1:n,'a','eve'
,lif,1,insert_0:n,'','lif'
v,l,1,substitute_1:1,'v','l'
r,ss,1,split_1:n,'r','ss'
 to pay,,1,delete_n:0,' to pay',''
M,Y,1,substitute_1:1,'M','Y'
,en,1,insert_0:n,'','en'
u,g,1,substitute_1:1,'u','g'
i,. A,1,split_1:n,'i','. A'
or,a,1,merge_n:1,'or','a'
,venian,1,insert_0:n,'','venian'
iv,,1,delete_n:0,'iv',''
r,is,1,split_1:n,'r','is'
,rol,1,insert_0:n,'','rol'
had,Orrock,1,replace_3:6,'had','Orrock'
,ssa,1,insert_0:n,'','ssa'
was,I'm,1,replace_3:3,'was',"""I'm"""
D,st,1,split_1:n,'D','st'
i,y,1,substitute_1:1,'i','y'
w,o,1,substitute_1:1,'w','o'
opl,tt,1,replace_3:2,'opl','tt'
, things,1,insert_0:n,'',' things'
 Y,y,1,merge_n:1,' Y','y'
t 's,"f""""",1,replace_4:3,"""t 's""","'f""""'"
If,H,1,merge_n:1,'If','H'
sound,remark,1,replace_5:6,'sound','remark'
c,"""C",1,split_1:n,'c',"'""C'"
ai ,ec,1,replace_3:2,'ai ','ec'
Al,F,1,merge_n:1,'Al','F'
w,i,1,substitute_1:1,'w','i'
ll, M,1,replace_2:2,'ll',' M'
l,i,1,substitute_1:1,'l','i'
,Lil,1,insert_0:n,'','Lil'
ttl,,1,delete_n:0,'ttl',''
v,nk,1,split_1:n,'v','nk'
su,ce,1,replace_2:2,'su','ce'
n,pr,1,split_1:n,'n','pr'
b,ko,1,split_1:n,'b','ko'
m,nner,1,split_1:n,'m','nner'
al,"""",1,merge_n:1,'al',"'""'"
e,or,1,split_1:n,'e','or'
dwa,cke,1,replace_3:3,'dwa','cke'
,ig,1,insert_0:n,'','ig'
for,la,1,replace_3:2,'for','la'
b,tl,1,split_1:n,'b','tl'
,ru,1,insert_0:n,'','ru'
ot,ed,1,replace_2:2,'ot','ed'
,ughi,1,insert_0:n,'','ughi'
rwl ,,1,delete_n:0,'rwl ',''
ew,aint,1,replace_2:4,'ew','aint'
A,thi,1,split_1:n,'A','thi'
o,ivi,1,split_1:n,'o','ivi'
,"ed""",1,insert_0:n,'',"'ed""'"
s,der,1,split_1:n,'s','der'
ket,s,1,merge_n:1,'ket','s'
,fold,1,insert_0:n,'','fold'
,mi,1,insert_0:n,'','mi'
os,,1,delete_n:0,'os',''
ce, a,1,replace_2:2,'ce',' a'
k ,le,1,replace_2:2,'k ','le'
y,Y,1,substitute_1:1,'y','Y'
4w,cas,1,replace_2:3,'4w','cas'
m,hu,1,split_1:n,'m','hu'
h,t,1,substitute_1:1,'h','t'
, in life,1,insert_0:n,'',' in life'
H,Fl,1,split_1:n,'H','Fl'
d,b,1,substitute_1:1,'d','b'
r,N,1,substitute_1:1,'r','N'
w,as,1,split_1:n,'w','as'
gh,ql,1,replace_2:2,'gh','ql'
c,y,1,substitute_1:1,'c','y'
st,rd,1,replace_2:2,'st','rd'
quit,S,1,merge_n:1,'quit','S'
,em'd,1,insert_0:n,'',"""em'd"""
. O,si,1,replace_3:2,'. O','si'
hi,ru,1,replace_2:2,'hi','ru'
ici,lu,1,replace_3:2,'ici','lu'
en,us,1,replace_2:2,'en','us'
, image,1,insert_0:n,'',' image'
w ,rse,1,replace_2:3,'w ','rse'
us,o,1,merge_n:1,'us','o'
 ,tle,1,split_1:n,' ','tle'
b,sh,1,split_1:n,'b','sh'
wh,smil,1,replace_2:4,'wh','smil'
n,d.,1,split_1:n,'n','d.'
h,kill,1,split_1:n,'h','kill'
 little,,1,delete_n:0,' little',''
a ,g,1,merge_n:1,'a ','g'
, conference in Bruce Benton's office been British,1,insert_0:n,'',""" conference in Bruce Benton's office been British"""
 ; he,"""",1,merge_n:1,' ; he',"'""'"
n,repl,1,split_1:n,'n','repl'
ght ,ed,1,replace_4:2,'ght ','ed'
m,uas,1,split_1:n,'m','uas'
V,W,1,substitute_1:1,'V','W'
,ave,1,insert_0:n,'','ave'
e,ity,1,split_1:n,'e','ity'
d,p,1,substitute_1:1,'d','p'
u .,n,1,merge_n:1,'u .','n'
Hu,the ,1,replace_2:4,'Hu','the '
h,R,1,substitute_1:1,'h','R'
I ,f,1,merge_n:1,'I ','f'
un,om,1,replace_2:2,'un','om'
n,ag,1,split_1:n,'n','ag'
oon,ri,1,replace_3:2,'oon','ri'
m,we,1,split_1:n,'m','we'
,athe,1,insert_0:n,'','athe'
',"""",1,substitute_1:1,"""'""","'""'"
h,J,1,substitute_1:1,'h','J'
he,fo,1,replace_2:2,'he','fo'
,brough,1,insert_0:n,'','brough'
ruth,,1,delete_n:0,'ruth',''
tur,lea,1,replace_3:3,'tur','lea'
me,ll,1,replace_2:2,'me','ll'
,Co,1,insert_0:n,'','Co'
the,Horn,1,replace_3:4,'the','Horn'
h,Sc,1,split_1:n,'h','Sc'
t,rl,1,split_1:n,'t','rl'
bu, Sce,1,replace_2:4,'bu',' Sce'
ha,r,1,merge_n:1,'ha','r'
,ity,1,insert_0:n,'','ity'
, cases,1,insert_0:n,'',' cases'
the,is,1,replace_3:2,'the','is'
th,us,1,replace_2:2,'th','us'
wha,,1,delete_n:0,'wha',''
,o be,1,insert_0:n,'','o be'
n,ss,1,split_1:n,'n','ss'
". "" """,from,1,replace_5:4,"'. "" ""'",'from'
pr,On,1,replace_2:2,'pr','On'
tt, fl,1,replace_2:3,'tt',' fl'
a,"""ce",1,split_1:n,'a',"'""ce'"
k, &,1,split_1:n,'k',' &'
h,S,1,substitute_1:1,'h','S'
m,Meg,1,split_1:n,'m','Meg'
er,im,1,replace_2:2,'er','im'
at ,"""",1,merge_n:1,'at ',"'""'"
no,me,1,replace_2:2,'no','me'
,eing ,1,insert_0:n,'','eing '
ck,ttended,1,replace_2:7,'ck','ttended'
"""",n,1,substitute_1:1,"'""'",'n'
an,cm,1,replace_2:2,'an','cm'
s ,h,1,merge_n:1,'s ','h'
Is,b,1,merge_n:1,'Is','b'
r,us,1,split_1:n,'r','us'
d,D,1,substitute_1:1,'d','D'
d,all,1,split_1:n,'d','all'
way,hour,1,replace_3:4,'way','hour'
ad,,1,delete_n:0,'ad',''
tw,"""Wh",1,replace_2:3,'tw',"'""Wh'"
wl,zt,1,replace_2:2,'wl','zt'
M,Wh,1,split_1:n,'M','Wh'
wh,st,1,replace_2:2,'wh','st'
th,blu,1,replace_2:3,'th','blu'
w,unt,1,split_1:n,'w','unt'
""" tha",Abou,1,replace_5:4,"'"" tha'",'Abou'
was,being,1,replace_3:5,'was','being'
the,Along,1,replace_3:5,'the','Along'
"""",3,1,substitute_1:1,"'""'",'3'
3,,1,delete_n:0,'3',''
l,s ,1,split_1:n,'l','s '
"""",',1,substitute_1:1,"'""'","""'"""
Bu,Fri,1,replace_2:3,'Bu','Fri'
o,d,1,substitute_1:1,'o','d'
. I ,,1,delete_n:0,'. I ',''
,it ,1,insert_0:n,'','it '
pr,m,1,merge_n:1,'pr','m'
all,off,1,replace_3:3,'all','off'
b,w,1,substitute_1:1,'b','w'
l,M,1,substitute_1:1,'l','M'
ss,"m""",1,replace_2:2,'ss',"'m""'"
w,"""a",1,split_1:n,'w',"'""a'"
,n',1,insert_0:n,'',"""n'"""
te,f,1,merge_n:1,'te','f'
no,a,1,merge_n:1,'no','a'
t,ah,1,split_1:n,'t','ah'
s,"""p",1,split_1:n,'s',"'""p'"
h,"""J",1,split_1:n,'h',"'""J'"
now,mr,1,replace_3:2,'now','mr'
ba,lu,1,replace_2:2,'ba','lu'
ic,y,1,merge_n:1,'ic','y'
*,X,1,substitute_1:1,'*','X'
ton,dem,1,replace_3:3,'ton','dem'
r,ne,1,split_1:n,'r','ne'
,A ,1,insert_0:n,'','A '
,- Jalum,1,insert_0:n,'','- Jalum'
"John , ",a,1,merge_n:1,"'John , '",'a'
av,u,1,merge_n:1,'av','u'
cl,v,1,merge_n:1,'cl','v'
," Commander,""",1,insert_0:n,'',"' Commander,""'"
l,ghe,1,split_1:n,'l','ghe'
w,ud,1,split_1:n,'w','ud'
, know,1,insert_0:n,'',' know'
kn,ab,1,replace_2:2,'kn','ab'
w how,ut,1,replace_5:2,'w how','ut'
 people,,1,delete_n:0,' people',''
d,e,1,substitute_1:1,'d','e'
w,rt,1,split_1:n,'w','rt'
s,i,1,substitute_1:1,'s','i'
k,hu,1,split_1:n,'k','hu'
ong,ay,1,replace_3:2,'ong','ay'
ch ,n,1,merge_n:1,'ch ','n'
6,bo,1,split_1:n,'6','bo'
n,"a""",1,split_1:n,'n',"'a""'"
u,ie,1,split_1:n,'u','ie'
t,dy,1,split_1:n,'t','dy'
s,B,1,substitute_1:1,'s','B'
t,lh,1,split_1:n,'t','lh'
, talkative,1,insert_0:n,'',' talkative'
v,o,1,substitute_1:1,'v','o'
th,du,1,replace_2:2,'th','du'
J,D,1,substitute_1:1,'J','D'
f,"""",1,substitute_1:1,'f',"'""'"
ov,wh,1,replace_2:2,'ov','wh'
r,"n""",1,split_1:n,'r',"'n""'"
sa,repl,1,replace_2:4,'sa','repl'
genc, jur,1,replace_4:4,'genc',' jur'
Da,"""Be",1,replace_2:3,'Da',"'""Be'"
K,k,1,substitute_1:1,'K','k'
He,It,1,replace_2:2,'He','It'
r ove,,1,delete_n:0,'r ove',''
m,ru,1,split_1:n,'m','ru'
st ,d,1,merge_n:1,'st ','d'
d,a,1,substitute_1:1,'d','a'
il,nd,1,replace_2:2,'il','nd'
,ere,1,insert_0:n,'','ere'
out ,and,1,replace_4:3,'out ','and'
sh,M,1,merge_n:1,'sh','M'
got ,,1,delete_n:0,'got ',''
, get,1,insert_0:n,'',' get'
 's,,1,delete_n:0,""" 's""",''
ur,n,1,merge_n:1,'ur','n'
""" L",l,1,merge_n:1,"'"" L'",'l'
as,in,1,replace_2:2,'as','in'
sh,bl,1,replace_2:2,'sh','bl'
never,wall,1,replace_5:4,'never','wall'
,ju,1,insert_0:n,'','ju'
,he,1,insert_0:n,'','he'
me ,"""And",1,replace_3:4,'me ',"'""And'"
.,u,1,substitute_1:1,'.','u'
lon,mag,1,replace_3:3,'lon','mag'
l, sw,1,split_1:n,'l',' sw'
 ,h,1,substitute_1:1,' ','h'
oo,a,1,merge_n:1,'oo','a'
sh,du,1,replace_2:2,'sh','du'
ow,av,1,replace_2:2,'ow','av'
ck,ad,1,replace_2:2,'ck','ad'
,"e""",1,insert_0:n,'',"'e""'"
 Is,Do,1,replace_3:2,' Is','Do'
sh,tak,1,replace_2:3,'sh','tak'
f,stl,1,split_1:n,'f','stl'
m,ner,1,split_1:n,'m','ner'
in,ul,1,replace_2:2,'in','ul'
rner,uld,1,replace_4:3,'rner','uld'
G,S,1,substitute_1:1,'G','S'
's,,1,delete_n:0,"""'s""",''
w,le,1,split_1:n,'w','le'
me,unt,1,replace_2:3,'me','unt'
sm,ru,1,replace_2:2,'sm','ru'
e .,,1,delete_n:0,'e .',''
ho,marke,1,replace_2:5,'ho','marke'
el .,,1,delete_n:0,'el .',''
,Cl,1,insert_0:n,'','Cl'
w,"""W",1,split_1:n,'w',"'""W'"
-----------------------------------------------------,sentence database,1,replace_53:17,'-----------------------------------------------------','sentence database'
nc,r,1,merge_n:1,'nc','r'
,"""H",1,insert_0:n,'',"'""H'"
that ,,1,delete_n:0,'that ',''
k,K,1,substitute_1:1,'k','K'
then ,,1,delete_n:0,'then ',''
av,ou,1,replace_2:2,'av','ou'
r .,t,1,merge_n:1,'r .','t'
ra,,1,delete_n:0,'ra',''
h,o H,1,split_1:n,'h','o H'
Gav,go,1,replace_3:2,'Gav','go'
ham,tound,1,replace_3:5,'ham','tound'
, Ted,1,insert_0:n,'',' Ted'
 friends ,,1,delete_n:0,' friends ',''
,G,1,insert_0:n,'','G'
she ,,1,delete_n:0,'she ',''
to t,T,1,merge_n:1,'to t','T'
, see,1,insert_0:n,'',' see'
b,g,1,substitute_1:1,'b','g'
wo,ca,1,replace_2:2,'wo','ca'
, evening,1,insert_0:n,'',' evening'
in,Hall,1,replace_2:4,'in','Hall'
st,r,1,merge_n:1,'st','r'
th,Ne,1,replace_2:2,'th','Ne'
 on,,1,delete_n:0,' on',''
sho,gr,1,replace_3:2,'sho','gr'
orn,um,1,replace_3:2,'orn','um'
N,H,1,substitute_1:1,'N','H'
 some,,1,delete_n:0,' some',''
g,c,1,substitute_1:1,'g','c'
U,ll ,1,split_1:n,'U','ll '
1 ,A,1,merge_n:1,'1 ','A'
ub,il,1,replace_2:2,'ub','il'
t,"""N",1,split_1:n,'t',"'""N'"
"""",in,1,split_1:n,"'""'",'in'
tu,ha,1,replace_2:2,'tu','ha'
bb,dd,1,replace_2:2,'bb','dd'
L,T,1,substitute_1:1,'L','T'
ub,wst,1,replace_2:3,'ub','wst'
f,p,1,substitute_1:1,'f','p'
,ounc,1,insert_0:n,'','ounc'
dem,,1,delete_n:0,'dem',''
nd,sk,1,replace_2:2,'nd','sk'
,another,1,insert_0:n,'','another'
,s being,1,insert_0:n,'','s being'
t,"""W",1,split_1:n,'t',"'""W'"
, any,1,insert_0:n,'',' any'
"! "" sh",c,1,merge_n:1,"'! "" sh'",'c'
any ,,1,delete_n:0,'any ',''
ro,me,1,replace_2:2,'ro','me'
st,H,1,merge_n:1,'st','H'
b,Gl,1,split_1:n,'b','Gl'
isfi, r,1,replace_4:2,'isfi',' r'
d ,al,1,replace_2:2,'d ','al'
nt,lk,1,replace_2:2,'nt','lk'
u,io,1,split_1:n,'u','io'
s,at,1,split_1:n,'s','at'
v,y,1,substitute_1:1,'v','y'
w,Ev,1,split_1:n,'w','Ev'
re,n,1,merge_n:1,'re','n'
nd ,cipal,1,replace_3:5,'nd ','cipal'
ed,al,1,replace_2:2,'ed','al'
nd,at,1,replace_2:2,'nd','at'
S,t,1,substitute_1:1,'S','t'
n he,,1,delete_n:0,'n he',''
,lies,1,insert_0:n,'','lies'
u,lea,1,split_1:n,'u','lea'
h,L,1,substitute_1:1,'h','L'
r,i,1,substitute_1:1,'r','i'
th,Hel,1,replace_2:3,'th','Hel'
e,di,1,split_1:n,'e','di'
,wspape,1,insert_0:n,'','wspape'
vous,,1,delete_n:0,'vous',''
 ' ',,1,delete_n:0,""" ' '""",''
't,,1,delete_n:0,"""'t""",''
it .,s,1,merge_n:1,'it .','s'
:,You can't forgive him for this,1,split_1:n,':',"""You can't forgive him for this"""
v,last w,1,split_1:n,'v','last w'
wel,rd,1,replace_3:2,'wel','rd'
ust,ead,1,replace_3:3,'ust','ead'
fak,to b,1,replace_3:4,'fak','to b'
